-- phpMyAdmin SQL Dump
-- version 5.1.1deb5ubuntu1
-- https://www.phpmyadmin.net/
--
-- Host: localhost:3306
-- Generation Time: Nov 18, 2024 at 02:18 PM
-- Server version: 10.6.18-MariaDB-0ubuntu0.22.04.1
-- PHP Version: 8.1.2-1ubuntu2.18

SET SQL_MODE = "NO_AUTO_VALUE_ON_ZERO";
START TRANSACTION;
SET time_zone = "+00:00";


/*!40101 SET @OLD_CHARACTER_SET_CLIENT=@@CHARACTER_SET_CLIENT */;
/*!40101 SET @OLD_CHARACTER_SET_RESULTS=@@CHARACTER_SET_RESULTS */;
/*!40101 SET @OLD_COLLATION_CONNECTION=@@COLLATION_CONNECTION */;
/*!40101 SET NAMES utf8mb4 */;

--
-- Database: `aschiru_db`
--

-- --------------------------------------------------------

--
-- Table structure for table `Diagnosis`
--

CREATE TABLE `Diagnosis` (
  `diagnosis_id` int(11) NOT NULL,
  `patient_id` int(11) DEFAULT NULL,
  `risk_level` enum('Low','Medium','High') DEFAULT NULL
) ENGINE=InnoDB DEFAULT CHARSET=utf8mb4 COLLATE=utf8mb4_general_ci;

--
-- Dumping data for table `Diagnosis`
--

INSERT INTO `Diagnosis` (`diagnosis_id`, `patient_id`, `risk_level`) VALUES
(12120, 101, 'Low'),
(12121, 102, 'Medium'),
(12122, 103, 'High'),
(12123, 104, 'High'),
(12124, 105, 'High'),
(12125, 106, 'High'),
(12126, 107, 'Low'),
(12127, 108, 'Low'),
(12128, 109, 'Medium'),
(12129, 110, 'Medium'),
(12130, 111, 'High'),
(12131, 112, 'High'),
(12132, 113, 'Medium'),
(12133, 114, 'High'),
(12134, 115, 'Low'),
(12135, 116, 'Medium'),
(12136, 117, 'Medium'),
(12137, 118, 'High'),
(12138, 119, 'High'),
(12139, 120, 'Medium'),
(12140, 121, 'High'),
(12141, 122, 'High'),
(12142, 123, 'High'),
(12143, 124, 'High'),
(12144, 125, 'High'),
(12145, 126, 'Medium'),
(12146, 127, 'Medium'),
(12147, 128, 'Medium'),
(12148, 129, 'High'),
(12149, 130, 'Medium'),
(12150, 131, 'High'),
(12151, 132, 'High'),
(12152, 133, 'Medium'),
(12153, 134, 'Low'),
(12154, 135, 'Low'),
(12155, 136, 'Medium'),
(12156, 137, 'Low'),
(12157, 138, 'Low'),
(12158, 139, 'Low'),
(12159, 140, 'Low'),
(12160, 141, 'Low'),
(12161, 142, 'Low'),
(12162, 143, 'Low'),
(12163, 144, 'Low'),
(12164, 145, 'Low'),
(12165, 146, 'Low'),
(12166, 147, 'High'),
(12167, 148, 'Low'),
(12168, 149, 'Low'),
(12169, 150, 'Low'),
(12170, 151, 'Low'),
(12171, 152, 'Low'),
(12172, 153, 'Low'),
(12173, 154, 'Low'),
(12174, 155, 'Low'),
(12175, 156, 'Low'),
(12176, 157, 'Low'),
(12177, 158, 'High'),
(12178, 159, 'Low'),
(12179, 160, 'Low'),
(12180, 161, 'Low'),
(12181, 162, 'Low'),
(12182, 163, 'Low'),
(12183, 164, 'Medium'),
(12184, 165, 'Medium'),
(12185, 166, 'Medium'),
(12186, 167, 'Medium'),
(12187, 168, 'Medium'),
(12188, 169, 'High'),
(12189, 170, 'Medium'),
(12190, 171, 'Medium'),
(12191, 172, 'Medium'),
(12192, 173, 'Medium'),
(12193, 174, 'Medium'),
(12194, 175, 'Medium'),
(12195, 176, 'Medium'),
(12196, 177, 'Medium'),
(12197, 178, 'Medium'),
(12198, 179, 'Medium'),
(12199, 180, 'High'),
(12200, 181, 'Medium'),
(12201, 182, 'Medium'),
(12202, 183, 'Medium'),
(12203, 184, 'Medium'),
(12204, 185, 'Medium'),
(12205, 186, 'Medium'),
(12206, 187, 'Medium'),
(12207, 188, 'High'),
(12208, 189, 'High'),
(12209, 190, 'High'),
(12210, 191, 'Medium'),
(12211, 192, 'High'),
(12212, 193, 'High'),
(12213, 194, 'High'),
(12214, 195, 'High'),
(12215, 196, 'High'),
(12216, 197, 'High'),
(12217, 198, 'High'),
(12218, 199, 'High'),
(12219, 200, 'High'),
(12220, 201, 'High'),
(12221, 202, 'Medium'),
(12222, 203, 'High'),
(12223, 204, 'High'),
(12224, 205, 'High'),
(12225, 206, 'High'),
(12226, 207, 'High'),
(12227, 208, 'High'),
(12228, 209, 'High'),
(12229, 210, 'High'),
(12230, 211, 'High'),
(12231, 212, 'High'),
(12232, 213, 'Low'),
(12233, 214, 'Medium'),
(12234, 215, 'High'),
(12235, 216, 'High'),
(12236, 217, 'High'),
(12237, 218, 'Low'),
(12238, 219, 'Low'),
(12239, 220, 'Medium'),
(12240, 221, 'Medium'),
(12241, 222, 'High'),
(12242, 223, 'High'),
(12243, 224, 'Medium'),
(12244, 225, 'High'),
(12245, 226, 'Low'),
(12246, 227, 'Medium'),
(12247, 228, 'Medium'),
(12248, 229, 'High'),
(12249, 230, 'High'),
(12250, 231, 'Medium'),
(12251, 232, 'High'),
(12252, 233, 'High'),
(12253, 234, 'High'),
(12254, 235, 'High'),
(12255, 236, 'Medium'),
(12256, 237, 'Medium'),
(12257, 238, 'Medium'),
(12258, 239, 'Medium'),
(12259, 240, 'High'),
(12260, 241, 'Medium'),
(12261, 242, 'High'),
(12262, 243, 'High'),
(12263, 244, 'Medium'),
(12264, 245, 'Low'),
(12265, 246, 'Low'),
(12266, 247, 'High'),
(12267, 248, 'Low'),
(12268, 249, 'Low'),
(12269, 250, 'Low'),
(12270, 251, 'Low'),
(12271, 252, 'Low'),
(12272, 253, 'Low'),
(12273, 254, 'Low'),
(12274, 255, 'Low'),
(12275, 256, 'Low'),
(12276, 257, 'Low'),
(12277, 258, 'High'),
(12278, 259, 'Low'),
(12279, 260, 'Low'),
(12280, 261, 'Low'),
(12281, 262, 'Low'),
(12282, 263, 'Low'),
(12283, 264, 'Low'),
(12284, 265, 'Low'),
(12285, 266, 'Low'),
(12286, 267, 'Low'),
(12287, 268, 'Low'),
(12288, 269, 'Medium'),
(12289, 270, 'Low'),
(12290, 271, 'Low'),
(12291, 272, 'Low'),
(12292, 273, 'Low'),
(12293, 274, 'Low'),
(12294, 275, 'Medium'),
(12295, 276, 'Medium'),
(12296, 277, 'Medium'),
(12297, 278, 'Medium'),
(12298, 279, 'Medium'),
(12299, 280, 'Low'),
(12300, 281, 'Medium'),
(12301, 282, 'Medium'),
(12302, 283, 'Medium'),
(12303, 284, 'Medium'),
(12304, 285, 'Medium'),
(12305, 286, 'Medium'),
(12306, 287, 'Medium'),
(12307, 288, 'Medium'),
(12308, 289, 'Medium'),
(12309, 290, 'Medium'),
(12310, 291, 'Low'),
(12311, 292, 'Medium'),
(12312, 293, 'Medium'),
(12313, 294, 'Medium'),
(12314, 295, 'Medium'),
(12315, 296, 'Medium'),
(12316, 297, 'Medium'),
(12317, 298, 'Medium'),
(12318, 299, 'High'),
(12319, 300, 'High'),
(12320, 301, 'High'),
(12321, 302, 'Low'),
(12322, 303, 'High'),
(12323, 304, 'High'),
(12324, 305, 'High'),
(12325, 306, 'High'),
(12326, 307, 'High'),
(12327, 308, 'High'),
(12328, 309, 'High'),
(12329, 310, 'High'),
(12330, 311, 'High'),
(12331, 312, 'High'),
(12332, 313, 'Low'),
(12333, 314, 'High'),
(12334, 315, 'High'),
(12335, 316, 'High'),
(12336, 317, 'High'),
(12337, 318, 'High'),
(12338, 319, 'High'),
(12339, 320, 'High'),
(12340, 321, 'High'),
(12341, 322, 'High'),
(12342, 323, 'High'),
(12343, 324, 'Medium'),
(12344, 325, 'Low'),
(12345, 326, 'High'),
(12346, 327, 'High'),
(12347, 328, 'High'),
(12348, 329, 'Low'),
(12349, 330, 'Low'),
(12350, 331, 'Medium'),
(12351, 332, 'Medium'),
(12352, 333, 'High'),
(12353, 334, 'High'),
(12354, 335, 'Medium'),
(12355, 336, 'Low'),
(12356, 337, 'Low'),
(12357, 338, 'Medium'),
(12358, 339, 'Medium'),
(12359, 340, 'High'),
(12360, 341, 'High'),
(12361, 342, 'Medium'),
(12362, 343, 'High'),
(12363, 344, 'High'),
(12364, 345, 'High'),
(12365, 346, 'High'),
(12366, 347, 'Low'),
(12367, 348, 'Medium'),
(12368, 349, 'Medium'),
(12369, 350, 'Medium'),
(12370, 351, 'High'),
(12371, 352, 'Medium'),
(12372, 353, 'High'),
(12373, 354, 'High'),
(12374, 355, 'Medium'),
(12375, 356, 'Low'),
(12376, 357, 'Low'),
(12377, 358, 'Low'),
(12378, 359, 'Low'),
(12379, 360, 'Low'),
(12380, 361, 'Low'),
(12381, 362, 'Low'),
(12382, 363, 'Low'),
(12383, 364, 'Low'),
(12384, 365, 'Low'),
(12385, 366, 'Low'),
(12386, 367, 'Low'),
(12387, 368, 'Low'),
(12388, 369, 'Low'),
(12389, 370, 'Low'),
(12390, 371, 'Low'),
(12391, 372, 'Low'),
(12392, 373, 'Low'),
(12393, 374, 'Low'),
(12394, 375, 'Low'),
(12395, 376, 'Low'),
(12396, 377, 'Low'),
(12397, 378, 'Low'),
(12398, 379, 'Low'),
(12399, 380, 'Low'),
(12400, 381, 'Low'),
(12401, 382, 'Low'),
(12402, 383, 'Low'),
(12403, 384, 'Low'),
(12404, 385, 'Low'),
(12405, 386, 'Medium'),
(12406, 387, 'Medium'),
(12407, 388, 'Medium'),
(12408, 389, 'Medium'),
(12409, 390, 'Medium'),
(12410, 391, 'Low'),
(12411, 392, 'Medium'),
(12412, 393, 'Medium'),
(12413, 394, 'Medium'),
(12414, 395, 'Medium'),
(12415, 396, 'Medium'),
(12416, 397, 'Medium'),
(12417, 398, 'Medium'),
(12418, 399, 'Medium'),
(12419, 400, 'Medium'),
(12420, 401, 'Medium'),
(12421, 402, 'Low'),
(12422, 403, 'Medium'),
(12423, 404, 'Medium'),
(12424, 405, 'Medium'),
(12425, 406, 'Medium'),
(12426, 407, 'Medium'),
(12427, 408, 'Medium'),
(12428, 409, 'Medium'),
(12429, 410, 'High'),
(12430, 411, 'High'),
(12431, 412, 'High'),
(12432, 413, 'Low'),
(12433, 414, 'High'),
(12434, 415, 'High'),
(12435, 416, 'High'),
(12436, 417, 'High'),
(12437, 418, 'High'),
(12438, 419, 'High'),
(12439, 420, 'High'),
(12440, 421, 'High'),
(12441, 422, 'High'),
(12442, 423, 'High'),
(12443, 424, 'Low'),
(12444, 425, 'High'),
(12445, 426, 'High'),
(12446, 427, 'High'),
(12447, 428, 'High'),
(12448, 429, 'High'),
(12449, 430, 'High'),
(12450, 431, 'High'),
(12451, 432, 'High'),
(12452, 433, 'High'),
(12453, 434, 'High'),
(12454, 435, 'Medium'),
(12455, 436, 'Low'),
(12456, 437, 'High'),
(12457, 438, 'High'),
(12458, 439, 'High'),
(12459, 440, 'Low'),
(12460, 441, 'Low'),
(12461, 442, 'Medium'),
(12462, 443, 'Medium'),
(12463, 444, 'High'),
(12464, 445, 'High'),
(12465, 446, 'Medium'),
(12466, 447, 'Low'),
(12467, 448, 'Low'),
(12468, 449, 'Medium'),
(12469, 450, 'Medium'),
(12470, 451, 'High'),
(12471, 452, 'High'),
(12472, 453, 'Medium'),
(12473, 454, 'High'),
(12474, 455, 'High'),
(12475, 456, 'High'),
(12476, 457, 'High'),
(12477, 458, 'Low'),
(12478, 459, 'Medium'),
(12479, 460, 'Medium'),
(12480, 461, 'Medium'),
(12481, 462, 'High'),
(12482, 463, 'Medium'),
(12483, 464, 'High'),
(12484, 465, 'High'),
(12485, 466, 'Medium'),
(12486, 467, 'Low'),
(12487, 468, 'Low'),
(12488, 469, 'Low'),
(12489, 470, 'Low'),
(12490, 471, 'Low'),
(12491, 472, 'Low'),
(12492, 473, 'Low'),
(12493, 474, 'Low'),
(12494, 475, 'Low'),
(12495, 476, 'Low'),
(12496, 477, 'Low'),
(12497, 478, 'Low'),
(12498, 479, 'Low'),
(12499, 480, 'Low'),
(12500, 481, 'Low'),
(12501, 482, 'Low'),
(12502, 483, 'Low'),
(12503, 484, 'Low'),
(12504, 485, 'Low'),
(12505, 486, 'Low'),
(12506, 487, 'Low'),
(12507, 488, 'Low'),
(12508, 489, 'Low'),
(12509, 490, 'Low'),
(12510, 491, 'Low'),
(12511, 492, 'Low'),
(12512, 493, 'Low'),
(12513, 494, 'Low'),
(12514, 495, 'Low'),
(12515, 496, 'Low'),
(12516, 497, 'Medium'),
(12517, 498, 'Medium'),
(12518, 499, 'Medium'),
(12519, 500, 'Medium'),
(12520, 501, 'Medium'),
(12521, 502, 'Low'),
(12522, 503, 'Medium'),
(12523, 504, 'Medium'),
(12524, 505, 'Medium'),
(12525, 506, 'Medium'),
(12526, 507, 'Medium'),
(12527, 508, 'Medium'),
(12528, 509, 'Medium'),
(12529, 510, 'Medium'),
(12530, 511, 'Medium'),
(12531, 512, 'Medium'),
(12532, 513, 'Low'),
(12533, 514, 'Medium'),
(12534, 515, 'Medium'),
(12535, 516, 'Medium'),
(12536, 517, 'Medium'),
(12537, 518, 'Medium'),
(12538, 519, 'Medium'),
(12539, 520, 'Medium'),
(12540, 521, 'High'),
(12541, 522, 'High'),
(12542, 523, 'High'),
(12543, 524, 'Low'),
(12544, 525, 'High'),
(12545, 526, 'High'),
(12546, 527, 'High'),
(12547, 528, 'High'),
(12548, 529, 'High'),
(12549, 530, 'High'),
(12550, 531, 'High'),
(12551, 532, 'High'),
(12552, 533, 'High'),
(12553, 534, 'High'),
(12554, 535, 'Low'),
(12555, 536, 'High'),
(12556, 537, 'High'),
(12557, 538, 'High'),
(12558, 539, 'High'),
(12559, 540, 'High'),
(12560, 541, 'High'),
(12561, 542, 'High'),
(12562, 543, 'High'),
(12563, 544, 'High'),
(12564, 545, 'High'),
(12565, 546, 'High'),
(12566, 547, 'Low'),
(12567, 548, 'High'),
(12568, 549, 'High'),
(12569, 550, 'High'),
(12570, 551, 'Low'),
(12571, 552, 'Low'),
(12572, 553, 'Medium'),
(12573, 554, 'Medium'),
(12574, 555, 'High'),
(12575, 556, 'High'),
(12576, 557, 'Medium'),
(12577, 558, 'Low'),
(12578, 559, 'Low'),
(12579, 560, 'Medium'),
(12580, 561, 'Medium'),
(12581, 562, 'High'),
(12582, 563, 'High'),
(12583, 564, 'Medium'),
(12584, 565, 'High'),
(12585, 566, 'High'),
(12586, 567, 'High'),
(12587, 568, 'High'),
(12588, 569, 'Low'),
(12589, 570, 'Medium'),
(12590, 571, 'Medium'),
(12591, 572, 'Medium'),
(12592, 573, 'High'),
(12593, 574, 'Medium'),
(12594, 575, 'High'),
(12595, 576, 'High'),
(12596, 577, 'Medium'),
(12597, 578, 'Low'),
(12598, 579, 'Low'),
(12599, 580, 'Medium'),
(12600, 581, 'Low'),
(12601, 582, 'Low'),
(12602, 583, 'Low'),
(12603, 584, 'Low'),
(12604, 585, 'Low'),
(12605, 586, 'Low'),
(12606, 587, 'Low'),
(12607, 588, 'Low'),
(12608, 589, 'Low'),
(12609, 590, 'Low'),
(12610, 591, 'Medium'),
(12611, 592, 'Low'),
(12612, 593, 'Low'),
(12613, 594, 'Low'),
(12614, 595, 'Low'),
(12615, 596, 'Low'),
(12616, 597, 'Low'),
(12617, 598, 'Low'),
(12618, 599, 'Low'),
(12619, 600, 'Low'),
(12620, 601, 'Low'),
(12621, 602, 'Medium'),
(12622, 603, 'Low'),
(12623, 604, 'Low'),
(12624, 605, 'Low'),
(12625, 606, 'Low'),
(12626, 607, 'Low'),
(12627, 608, 'Medium'),
(12628, 609, 'Medium'),
(12629, 610, 'Medium'),
(12630, 611, 'Medium'),
(12631, 612, 'Medium'),
(12632, 613, 'Medium'),
(12633, 614, 'Medium'),
(12634, 615, 'Medium'),
(12635, 616, 'Medium'),
(12636, 617, 'Medium'),
(12637, 618, 'Medium'),
(12638, 619, 'Medium'),
(12639, 620, 'Medium'),
(12640, 621, 'Medium'),
(12641, 622, 'Medium'),
(12642, 623, 'Medium'),
(12643, 624, 'Medium'),
(12644, 625, 'Medium'),
(12645, 626, 'Medium'),
(12646, 627, 'Medium'),
(12647, 628, 'Medium'),
(12648, 629, 'Medium'),
(12649, 630, 'Medium'),
(12650, 631, 'Medium'),
(12651, 632, 'High'),
(12652, 633, 'High'),
(12653, 634, 'High'),
(12654, 635, 'Medium'),
(12655, 636, 'High'),
(12656, 637, 'High'),
(12657, 638, 'High'),
(12658, 639, 'High'),
(12659, 640, 'High'),
(12660, 641, 'High'),
(12661, 642, 'High'),
(12662, 643, 'High'),
(12663, 644, 'High'),
(12664, 645, 'High'),
(12665, 646, 'Medium'),
(12666, 647, 'High'),
(12667, 648, 'High'),
(12668, 649, 'High'),
(12669, 650, 'High'),
(12670, 651, 'High'),
(12671, 652, 'High'),
(12672, 653, 'High'),
(12673, 654, 'High'),
(12674, 655, 'High'),
(12675, 656, 'High'),
(12676, 657, 'High'),
(12677, 658, 'Medium'),
(12678, 659, 'High'),
(12679, 660, 'High'),
(12680, 661, 'High'),
(12681, 662, 'Low'),
(12682, 663, 'Low'),
(12683, 664, 'Medium'),
(12684, 665, 'Medium'),
(12685, 666, 'High'),
(12686, 667, 'High'),
(12687, 668, 'Medium'),
(12688, 669, 'Medium'),
(12689, 670, 'Low'),
(12690, 671, 'Medium'),
(12691, 672, 'Medium'),
(12692, 673, 'High'),
(12693, 674, 'High'),
(12694, 675, 'Medium'),
(12695, 676, 'High'),
(12696, 677, 'High'),
(12697, 678, 'High'),
(12698, 679, 'High'),
(12699, 680, 'Medium'),
(12700, 681, 'Medium'),
(12701, 682, 'Medium'),
(12702, 683, 'Medium'),
(12703, 684, 'High'),
(12704, 685, 'Medium'),
(12705, 686, 'High'),
(12706, 687, 'High'),
(12707, 688, 'Medium'),
(12708, 689, 'Low'),
(12709, 690, 'Low'),
(12710, 691, 'Medium'),
(12711, 692, 'Low'),
(12712, 693, 'Low'),
(12713, 694, 'Low'),
(12714, 695, 'Low'),
(12715, 696, 'Low'),
(12716, 697, 'Low'),
(12717, 698, 'Low'),
(12718, 699, 'Low'),
(12719, 700, 'Low'),
(12720, 701, 'Low'),
(12721, 702, 'Medium'),
(12722, 703, 'Low'),
(12723, 704, 'Low'),
(12724, 705, 'Low'),
(12725, 706, 'Low'),
(12726, 707, 'Low'),
(12727, 708, 'Low'),
(12728, 709, 'Low'),
(12729, 710, 'Low'),
(12730, 711, 'Low'),
(12731, 712, 'Low'),
(12732, 713, 'Medium'),
(12733, 714, 'Low'),
(12734, 715, 'Low'),
(12735, 716, 'Low'),
(12736, 717, 'Low'),
(12737, 718, 'Low'),
(12738, 719, 'Medium'),
(12739, 720, 'Medium'),
(12740, 721, 'Medium'),
(12741, 722, 'Medium'),
(12742, 723, 'Medium'),
(12743, 724, 'Medium'),
(12744, 725, 'Medium'),
(12745, 726, 'Medium'),
(12746, 727, 'Medium'),
(12747, 728, 'Medium'),
(12748, 729, 'Medium'),
(12749, 730, 'Medium'),
(12750, 731, 'Medium'),
(12751, 732, 'Medium'),
(12752, 733, 'Medium'),
(12753, 734, 'Medium'),
(12754, 735, 'Medium'),
(12755, 736, 'Medium'),
(12756, 737, 'Medium'),
(12757, 738, 'Medium'),
(12758, 739, 'Medium'),
(12759, 740, 'Medium'),
(12760, 741, 'Medium'),
(12761, 742, 'Medium'),
(12762, 743, 'High'),
(12763, 744, 'High'),
(12764, 745, 'High'),
(12765, 746, 'Medium'),
(12766, 747, 'High'),
(12767, 748, 'High'),
(12768, 749, 'High'),
(12769, 750, 'High'),
(12770, 751, 'High'),
(12771, 752, 'High'),
(12772, 753, 'High'),
(12773, 754, 'High'),
(12774, 755, 'High'),
(12775, 756, 'High'),
(12776, 757, 'Medium'),
(12777, 758, 'High'),
(12778, 759, 'High'),
(12779, 760, 'High'),
(12780, 761, 'High'),
(12781, 762, 'High'),
(12782, 763, 'High'),
(12783, 764, 'High'),
(12784, 765, 'High'),
(12785, 766, 'High'),
(12786, 767, 'High'),
(12787, 768, 'Medium'),
(12788, 769, 'Medium'),
(12789, 770, 'High'),
(12790, 771, 'High'),
(12791, 772, 'High'),
(12792, 773, 'Low'),
(12793, 774, 'Low'),
(12794, 775, 'Medium'),
(12795, 776, 'Medium'),
(12796, 777, 'High'),
(12797, 778, 'High'),
(12798, 779, 'Medium'),
(12799, 780, 'Medium'),
(12800, 781, 'Low'),
(12801, 782, 'Medium'),
(12802, 783, 'Medium'),
(12803, 784, 'High'),
(12804, 785, 'High'),
(12805, 786, 'Medium'),
(12806, 787, 'High'),
(12807, 788, 'High'),
(12808, 789, 'High'),
(12809, 790, 'High'),
(12810, 791, 'Medium'),
(12811, 792, 'Medium'),
(12812, 793, 'Medium'),
(12813, 794, 'Medium'),
(12814, 795, 'High'),
(12815, 796, 'Medium'),
(12816, 797, 'High'),
(12817, 798, 'High'),
(12818, 799, 'Medium'),
(12819, 800, 'Low'),
(12820, 801, 'Low'),
(12821, 802, 'Medium'),
(12822, 803, 'Low'),
(12823, 804, 'Low'),
(12824, 805, 'Low'),
(12825, 806, 'Low'),
(12826, 807, 'Low'),
(12827, 808, 'Low'),
(12828, 809, 'Low'),
(12829, 810, 'Low'),
(12830, 811, 'Low'),
(12831, 812, 'Low'),
(12832, 813, 'Medium'),
(12833, 814, 'Low'),
(12834, 815, 'Low'),
(12835, 816, 'Low'),
(12836, 817, 'Low'),
(12837, 818, 'Low'),
(12838, 819, 'Low'),
(12839, 820, 'Low'),
(12840, 821, 'Low'),
(12841, 822, 'Low'),
(12842, 823, 'Low'),
(12843, 824, 'High'),
(12844, 825, 'Low'),
(12845, 826, 'Low'),
(12846, 827, 'Low'),
(12847, 828, 'Low'),
(12848, 829, 'Low'),
(12849, 830, 'Medium'),
(12850, 831, 'Medium'),
(12851, 832, 'Medium'),
(12852, 833, 'Medium'),
(12853, 834, 'Medium'),
(12854, 835, 'High'),
(12855, 836, 'Medium'),
(12856, 837, 'Medium'),
(12857, 838, 'Medium'),
(12858, 839, 'Medium'),
(12859, 840, 'Medium'),
(12860, 841, 'Medium'),
(12861, 842, 'Medium'),
(12862, 843, 'Medium'),
(12863, 844, 'Medium'),
(12864, 845, 'Medium'),
(12865, 846, 'High'),
(12866, 847, 'Medium'),
(12867, 848, 'Medium'),
(12868, 849, 'Medium'),
(12869, 850, 'Medium'),
(12870, 851, 'Medium'),
(12871, 852, 'Medium'),
(12872, 853, 'Medium'),
(12873, 854, 'High'),
(12874, 855, 'High'),
(12875, 856, 'High'),
(12876, 857, 'High'),
(12877, 858, 'High'),
(12878, 859, 'High'),
(12879, 860, 'High'),
(12880, 861, 'High'),
(12881, 862, 'High'),
(12882, 863, 'High'),
(12883, 864, 'High'),
(12884, 865, 'High'),
(12885, 866, 'High'),
(12886, 867, 'High'),
(12887, 868, 'High'),
(12888, 869, 'High'),
(12889, 870, 'High'),
(12890, 871, 'High'),
(12891, 872, 'High'),
(12892, 873, 'High'),
(12893, 874, 'High'),
(12894, 875, 'High'),
(12895, 876, 'High'),
(12896, 877, 'High'),
(12897, 878, 'High'),
(12898, 879, 'Low'),
(12899, 880, 'High'),
(12900, 881, 'High'),
(12901, 882, 'High'),
(12902, 883, 'High'),
(12903, 884, 'Low'),
(12904, 885, 'Low'),
(12905, 886, 'Medium'),
(12906, 887, 'Medium'),
(12907, 888, 'High'),
(12908, 889, 'High'),
(12909, 890, 'Medium'),
(12910, 891, 'High'),
(12911, 892, 'Low'),
(12912, 893, 'Medium'),
(12913, 894, 'Medium'),
(12914, 895, 'High'),
(12915, 896, 'High'),
(12916, 897, 'Medium'),
(12917, 898, 'High'),
(12918, 899, 'High'),
(12919, 900, 'High'),
(12920, 901, 'High'),
(12921, 902, 'High'),
(12922, 903, 'Medium'),
(12923, 904, 'Medium'),
(12924, 905, 'Medium'),
(12925, 906, 'High'),
(12926, 907, 'Medium'),
(12927, 908, 'High'),
(12928, 909, 'High'),
(12929, 910, 'Medium'),
(12930, 911, 'Low'),
(12931, 912, 'Low'),
(12932, 913, 'High'),
(12933, 914, 'Low'),
(12934, 915, 'Low'),
(12935, 916, 'Low'),
(12936, 917, 'Low'),
(12937, 918, 'Low'),
(12938, 919, 'Low'),
(12939, 920, 'Low'),
(12940, 921, 'Low'),
(12941, 922, 'Low'),
(12942, 923, 'Low'),
(12943, 924, 'High'),
(12944, 925, 'Low'),
(12945, 926, 'Low'),
(12946, 927, 'Low'),
(12947, 928, 'Low'),
(12948, 929, 'Low'),
(12949, 930, 'Low'),
(12950, 931, 'Low'),
(12951, 932, 'Low'),
(12952, 933, 'Low'),
(12953, 934, 'Low'),
(12954, 935, 'High'),
(12955, 936, 'Low'),
(12956, 937, 'Low'),
(12957, 938, 'Low'),
(12958, 939, 'Low'),
(12959, 940, 'Low'),
(12960, 941, 'Medium'),
(12961, 942, 'Medium'),
(12962, 943, 'Medium'),
(12963, 944, 'Medium'),
(12964, 945, 'Medium'),
(12965, 946, 'High'),
(12966, 947, 'Medium'),
(12967, 948, 'Medium'),
(12968, 949, 'Medium'),
(12969, 950, 'Medium'),
(12970, 951, 'Medium'),
(12971, 952, 'Medium'),
(12972, 953, 'Medium'),
(12973, 954, 'Medium'),
(12974, 955, 'Medium'),
(12975, 956, 'Medium'),
(12976, 957, 'High'),
(12977, 958, 'Medium'),
(12978, 959, 'Medium'),
(12979, 960, 'Medium'),
(12980, 961, 'Medium'),
(12981, 962, 'Medium'),
(12982, 963, 'Medium'),
(12983, 964, 'Medium'),
(12984, 965, 'High'),
(12985, 966, 'High'),
(12986, 967, 'High'),
(12987, 968, 'High'),
(12988, 969, 'High'),
(12989, 970, 'High'),
(12990, 971, 'High'),
(12991, 972, 'High'),
(12992, 973, 'High'),
(12993, 974, 'High'),
(12994, 975, 'High'),
(12995, 976, 'High'),
(12996, 977, 'High'),
(12997, 978, 'High'),
(12998, 979, 'High'),
(12999, 980, 'High'),
(13000, 981, 'High'),
(13001, 982, 'High'),
(13002, 983, 'High'),
(13003, 984, 'High'),
(13004, 985, 'High'),
(13005, 986, 'High'),
(13006, 987, 'High'),
(13007, 988, 'High'),
(13008, 989, 'High'),
(13009, 990, 'Medium'),
(13010, 991, 'High'),
(13011, 992, 'High'),
(13012, 993, 'High'),
(13013, 994, 'High'),
(13014, 995, 'Low'),
(13015, 996, 'Low'),
(13016, 997, 'Medium'),
(13017, 998, 'Medium'),
(13018, 999, 'High'),
(13019, 1000, 'High'),
(13020, 1001, 'Medium'),
(13021, 1002, 'High'),
(13022, 1003, 'Low'),
(13023, 1004, 'Medium'),
(13024, 1005, 'Medium'),
(13025, 1006, 'High'),
(13026, 1007, 'High'),
(13027, 1008, 'Medium'),
(13028, 1009, 'High'),
(13029, 1010, 'High'),
(13030, 1011, 'High'),
(13031, 1012, 'High'),
(13032, 1013, 'High'),
(13033, 1014, 'Medium'),
(13034, 1015, 'Medium'),
(13035, 1016, 'Medium'),
(13036, 1017, 'High'),
(13037, 1018, 'Medium'),
(13038, 1019, 'High'),
(13039, 1020, 'High'),
(13040, 1021, 'Medium'),
(13041, 1022, 'Low'),
(13042, 1023, 'Low'),
(13043, 1024, 'High'),
(13044, 1025, 'Low'),
(13045, 1026, 'Low'),
(13046, 1027, 'Low'),
(13047, 1028, 'Low'),
(13048, 1029, 'Low'),
(13049, 1030, 'Low'),
(13050, 1031, 'Low'),
(13051, 1032, 'Low'),
(13052, 1033, 'Low'),
(13053, 1034, 'Low'),
(13054, 1035, 'High'),
(13055, 1036, 'Low'),
(13056, 1037, 'Low'),
(13057, 1038, 'Low'),
(13058, 1039, 'Low'),
(13059, 1040, 'Low'),
(13060, 1041, 'Low'),
(13061, 1042, 'Low'),
(13062, 1043, 'Low'),
(13063, 1044, 'Low'),
(13064, 1045, 'Low'),
(13065, 1046, 'High'),
(13066, 1047, 'Low'),
(13067, 1048, 'Low'),
(13068, 1049, 'Low'),
(13069, 1050, 'Low'),
(13070, 1051, 'Low'),
(13071, 1052, 'Medium'),
(13072, 1053, 'Medium'),
(13073, 1054, 'Medium'),
(13074, 1055, 'Medium'),
(13075, 1056, 'Medium'),
(13076, 1057, 'High'),
(13077, 1058, 'Medium'),
(13078, 1059, 'Medium'),
(13079, 1060, 'Medium'),
(13080, 1061, 'Medium'),
(13081, 1062, 'Medium'),
(13082, 1063, 'Medium'),
(13083, 1064, 'Medium'),
(13084, 1065, 'Medium'),
(13085, 1066, 'Medium'),
(13086, 1067, 'Medium'),
(13087, 1068, 'High'),
(13088, 1069, 'Medium'),
(13089, 1070, 'Medium'),
(13090, 1071, 'Medium'),
(13091, 1072, 'Medium'),
(13092, 1073, 'Medium'),
(13093, 1074, 'Medium'),
(13094, 1075, 'Medium'),
(13095, 1076, 'High'),
(13096, 1077, 'Low'),
(13097, 1078, 'Low'),
(13098, 1079, 'High'),
(13099, 1080, 'Low'),
(13100, 1081, 'High'),
(13101, 1082, 'High'),
(13102, 1083, 'High'),
(13103, 1084, 'Medium'),
(13104, 1085, 'Medium'),
(13105, 1086, 'High'),
(13106, 1087, 'High'),
(13107, 1088, 'High'),
(13108, 1089, 'High'),
(13109, 1090, 'High'),
(13110, 1091, 'High'),
(13111, 1092, 'High'),
(13112, 1093, 'High'),
(13113, 1094, 'High'),
(13114, 1095, 'High'),
(13115, 1096, 'High'),
(13116, 1097, 'High'),
(13117, 1098, 'High'),
(13118, 1099, 'High'),
(13119, 1100, 'High');

-- --------------------------------------------------------

--
-- Table structure for table `Lifestyle_Risks`
--

CREATE TABLE `Lifestyle_Risks` (
  `risk_id` int(11) NOT NULL,
  `diagnosis_id` int(11) DEFAULT NULL,
  `patient_id` int(11) DEFAULT NULL,
  `air_pollution` tinyint(4) DEFAULT NULL CHECK (`air_pollution` between 1 and 8),
  `alcohol_use` tinyint(4) DEFAULT NULL CHECK (`alcohol_use` between 1 and 8),
  `dust_allergy` tinyint(4) DEFAULT NULL CHECK (`dust_allergy` between 1 and 8),
  `occupational_hazards` tinyint(4) DEFAULT NULL CHECK (`occupational_hazards` between 1 and 8),
  `genetic_risk` tinyint(4) DEFAULT NULL CHECK (`genetic_risk` between 1 and 7),
  `balanced_diet` tinyint(4) DEFAULT NULL CHECK (`balanced_diet` between 1 and 7),
  `obesity` tinyint(4) DEFAULT NULL CHECK (`obesity` between 1 and 7),
  `smoking` tinyint(4) DEFAULT NULL CHECK (`smoking` between 1 and 8),
  `passive_smoker` tinyint(4) DEFAULT NULL CHECK (`passive_smoker` between 1 and 8)
) ENGINE=InnoDB DEFAULT CHARSET=utf8mb4 COLLATE=utf8mb4_general_ci;

--
-- Dumping data for table `Lifestyle_Risks`
--

INSERT INTO `Lifestyle_Risks` (`risk_id`, `diagnosis_id`, `patient_id`, `air_pollution`, `alcohol_use`, `dust_allergy`, `occupational_hazards`, `genetic_risk`, `balanced_diet`, `obesity`, `smoking`, `passive_smoker`) VALUES
(6790, 12120, 101, 2, 4, 5, 4, 3, 2, 4, 3, 2),
(6791, 12121, 102, 3, 1, 5, 3, 4, 2, 2, 2, 4),
(6792, 12122, 103, 4, 5, 6, 5, 5, 6, 7, 2, 3),
(6793, 12123, 104, 7, 7, 7, 7, 6, 7, 7, 7, 7),
(6794, 12124, 105, 6, 8, 7, 7, 7, 7, 7, 8, 7),
(6795, 12125, 106, 4, 5, 6, 5, 5, 6, 7, 2, 3),
(6796, 12126, 107, 2, 4, 5, 4, 3, 2, 4, 3, 2),
(6797, 12127, 108, 3, 1, 4, 3, 2, 4, 3, 1, 4),
(6798, 12128, 109, 4, 5, 6, 5, 6, 5, 5, 6, 6),
(6799, 12129, 110, 2, 3, 4, 2, 4, 3, 3, 2, 3),
(6800, 12130, 111, 6, 7, 7, 7, 7, 7, 7, 7, 8),
(6801, 12131, 112, 6, 8, 7, 7, 7, 7, 7, 7, 8),
(6802, 12132, 113, 4, 5, 6, 6, 5, 6, 6, 6, 6),
(6803, 12133, 114, 6, 7, 7, 7, 6, 7, 7, 7, 7),
(6804, 12134, 115, 3, 1, 4, 2, 3, 3, 3, 2, 2),
(6805, 12135, 116, 5, 6, 6, 5, 6, 6, 5, 8, 5),
(6806, 12136, 117, 3, 1, 5, 3, 4, 2, 2, 2, 4),
(6807, 12137, 118, 6, 7, 7, 7, 6, 7, 7, 7, 7),
(6808, 12138, 119, 6, 7, 7, 7, 7, 6, 7, 7, 7),
(6809, 12139, 120, 2, 4, 5, 6, 5, 4, 6, 5, 4),
(6810, 12140, 121, 6, 8, 7, 7, 6, 7, 3, 8, 7),
(6811, 12141, 122, 4, 5, 6, 5, 5, 6, 7, 2, 3),
(6812, 12142, 123, 6, 8, 7, 7, 7, 7, 7, 8, 7),
(6813, 12143, 124, 6, 7, 7, 7, 7, 7, 7, 7, 7),
(6814, 12144, 125, 6, 7, 7, 7, 7, 6, 7, 7, 7),
(6815, 12145, 126, 6, 8, 7, 7, 7, 2, 4, 1, 2),
(6816, 12146, 127, 2, 1, 5, 3, 2, 2, 4, 1, 4),
(6817, 12147, 128, 3, 2, 4, 2, 3, 3, 3, 2, 2),
(6818, 12148, 129, 6, 7, 7, 7, 7, 7, 7, 4, 8),
(6819, 12149, 130, 1, 6, 7, 5, 3, 6, 2, 3, 3),
(6820, 12150, 131, 2, 6, 2, 3, 6, 6, 4, 6, 8),
(6821, 12151, 132, 2, 4, 5, 6, 5, 4, 6, 7, 7),
(6822, 12152, 133, 1, 6, 7, 8, 7, 7, 7, 3, 4),
(6823, 12153, 134, 2, 4, 5, 4, 3, 2, 4, 3, 2),
(6824, 12154, 135, 3, 1, 4, 3, 2, 4, 3, 1, 4),
(6825, 12155, 136, 2, 4, 5, 6, 5, 4, 6, 5, 4),
(6826, 12156, 137, 3, 1, 4, 2, 3, 3, 3, 2, 2),
(6827, 12157, 138, 6, 7, 8, 7, 6, 7, 2, 4, 3),
(6828, 12158, 139, 2, 3, 6, 7, 7, 7, 2, 4, 3),
(6829, 12159, 140, 1, 2, 4, 5, 6, 5, 4, 6, 4),
(6830, 12160, 141, 3, 1, 4, 3, 2, 4, 3, 1, 4),
(6831, 12161, 142, 2, 3, 1, 4, 3, 3, 4, 3, 1),
(6832, 12162, 143, 4, 2, 3, 2, 1, 3, 2, 1, 5),
(6833, 12163, 144, 1, 2, 3, 4, 4, 2, 1, 3, 2),
(6834, 12164, 145, 2, 1, 3, 4, 3, 3, 2, 6, 1),
(6835, 12165, 146, 2, 1, 2, 3, 4, 2, 1, 1, 1),
(6836, 12166, 147, 6, 8, 7, 7, 6, 7, 3, 8, 7),
(6837, 12167, 148, 1, 3, 2, 4, 2, 2, 2, 2, 1),
(6838, 12168, 149, 1, 2, 2, 3, 2, 2, 3, 2, 1),
(6839, 12169, 150, 3, 2, 3, 2, 3, 3, 2, 3, 2),
(6840, 12170, 151, 3, 2, 1, 3, 2, 3, 2, 1, 2),
(6841, 12171, 152, 4, 2, 3, 4, 2, 2, 4, 2, 4),
(6842, 12172, 153, 3, 2, 2, 1, 1, 1, 1, 4, 2),
(6843, 12173, 154, 2, 1, 2, 1, 2, 2, 3, 2, 4),
(6844, 12174, 155, 5, 2, 3, 1, 2, 5, 2, 2, 5),
(6845, 12175, 156, 2, 3, 1, 3, 2, 2, 1, 2, 1),
(6846, 12176, 157, 3, 2, 1, 2, 3, 1, 2, 7, 2),
(6847, 12177, 158, 4, 5, 6, 5, 5, 6, 7, 2, 3),
(6848, 12178, 159, 2, 3, 2, 1, 3, 1, 2, 7, 6),
(6849, 12179, 160, 2, 3, 5, 2, 1, 1, 1, 4, 3),
(6850, 12180, 161, 3, 2, 1, 3, 2, 5, 1, 6, 2),
(6851, 12181, 162, 2, 3, 4, 2, 1, 2, 4, 3, 2),
(6852, 12182, 163, 3, 1, 1, 1, 2, 4, 1, 3, 2),
(6853, 12183, 164, 1, 2, 3, 4, 2, 3, 3, 3, 2),
(6854, 12184, 165, 6, 8, 7, 7, 7, 2, 4, 1, 2),
(6855, 12185, 166, 2, 1, 5, 3, 2, 2, 4, 1, 4),
(6856, 12186, 167, 3, 2, 4, 2, 3, 3, 3, 2, 2),
(6857, 12187, 168, 1, 6, 7, 8, 7, 7, 7, 3, 4),
(6858, 12188, 169, 6, 8, 7, 7, 7, 7, 7, 8, 7),
(6859, 12189, 170, 1, 6, 7, 5, 3, 6, 2, 3, 3),
(6860, 12190, 171, 1, 2, 3, 4, 2, 3, 3, 3, 2),
(6861, 12191, 172, 6, 8, 7, 7, 7, 2, 4, 1, 2),
(6862, 12192, 173, 2, 1, 5, 3, 2, 2, 4, 1, 4),
(6863, 12193, 174, 3, 2, 4, 2, 3, 3, 3, 2, 2),
(6864, 12194, 175, 6, 8, 7, 7, 7, 2, 4, 1, 2),
(6865, 12195, 176, 2, 1, 5, 3, 2, 2, 4, 1, 4),
(6866, 12196, 177, 3, 2, 4, 2, 3, 3, 3, 2, 2),
(6867, 12197, 178, 1, 6, 7, 8, 7, 7, 7, 3, 4),
(6868, 12198, 179, 1, 6, 7, 5, 3, 6, 2, 3, 3),
(6869, 12199, 180, 6, 7, 7, 7, 7, 7, 7, 7, 7),
(6870, 12200, 181, 1, 2, 3, 4, 2, 3, 3, 3, 2),
(6871, 12201, 182, 6, 8, 7, 7, 7, 2, 4, 1, 2),
(6872, 12202, 183, 6, 8, 7, 7, 7, 2, 4, 1, 2),
(6873, 12203, 184, 2, 1, 5, 3, 2, 2, 4, 1, 4),
(6874, 12204, 185, 3, 2, 4, 2, 3, 3, 3, 2, 2),
(6875, 12205, 186, 1, 2, 3, 4, 2, 3, 3, 3, 2),
(6876, 12206, 187, 6, 8, 7, 7, 7, 2, 4, 1, 2),
(6877, 12207, 188, 6, 7, 7, 7, 7, 7, 7, 7, 8),
(6878, 12208, 189, 6, 8, 7, 7, 7, 7, 7, 7, 8),
(6879, 12209, 190, 6, 7, 7, 7, 7, 7, 7, 4, 8),
(6880, 12210, 191, 6, 8, 7, 7, 7, 2, 4, 1, 2),
(6881, 12211, 192, 6, 8, 7, 7, 6, 7, 3, 8, 7),
(6882, 12212, 193, 4, 5, 6, 5, 5, 6, 7, 2, 3),
(6883, 12213, 194, 6, 8, 7, 7, 7, 7, 7, 8, 7),
(6884, 12214, 195, 6, 7, 7, 7, 7, 7, 7, 7, 7),
(6885, 12215, 196, 6, 7, 7, 7, 6, 7, 7, 7, 7),
(6886, 12216, 197, 6, 7, 7, 7, 7, 6, 7, 7, 7),
(6887, 12217, 198, 6, 7, 7, 7, 7, 7, 7, 7, 8),
(6888, 12218, 199, 6, 8, 7, 7, 7, 7, 7, 7, 8),
(6889, 12219, 200, 4, 5, 6, 5, 5, 6, 7, 2, 3),
(6890, 12220, 201, 6, 8, 7, 7, 7, 7, 7, 8, 7),
(6891, 12221, 202, 2, 1, 5, 3, 2, 2, 4, 1, 4),
(6892, 12222, 203, 6, 5, 6, 5, 5, 6, 7, 2, 3),
(6893, 12223, 204, 8, 8, 7, 7, 7, 7, 7, 8, 7),
(6894, 12224, 205, 7, 7, 7, 7, 7, 7, 7, 7, 7),
(6895, 12225, 206, 7, 7, 7, 7, 6, 7, 7, 7, 7),
(6896, 12226, 207, 6, 7, 7, 7, 7, 6, 7, 7, 7),
(6897, 12227, 208, 6, 7, 7, 7, 7, 7, 7, 7, 8),
(6898, 12228, 209, 6, 8, 7, 7, 7, 7, 7, 7, 8),
(6899, 12229, 210, 4, 5, 6, 5, 5, 6, 7, 2, 3),
(6900, 12230, 211, 6, 8, 7, 7, 7, 7, 7, 8, 7),
(6901, 12231, 212, 6, 5, 6, 5, 5, 6, 7, 2, 3),
(6902, 12232, 213, 3, 1, 4, 3, 2, 4, 3, 1, 4),
(6903, 12233, 214, 3, 2, 4, 2, 3, 3, 3, 2, 2),
(6904, 12234, 215, 8, 8, 7, 7, 7, 7, 7, 8, 7),
(6905, 12235, 216, 7, 7, 7, 7, 6, 7, 7, 7, 7),
(6906, 12236, 217, 4, 5, 6, 5, 5, 6, 7, 2, 3),
(6907, 12237, 218, 2, 4, 5, 4, 3, 2, 4, 3, 2),
(6908, 12238, 219, 3, 1, 4, 3, 2, 4, 3, 1, 4),
(6909, 12239, 220, 4, 5, 6, 5, 6, 5, 5, 6, 6),
(6910, 12240, 221, 2, 3, 4, 2, 4, 3, 3, 2, 3),
(6911, 12241, 222, 6, 7, 7, 7, 7, 7, 7, 7, 8),
(6912, 12242, 223, 6, 8, 7, 7, 7, 7, 7, 7, 8),
(6913, 12243, 224, 4, 5, 6, 6, 5, 6, 6, 6, 6),
(6914, 12244, 225, 6, 7, 7, 7, 7, 7, 7, 4, 8),
(6915, 12245, 226, 3, 1, 4, 2, 3, 3, 3, 2, 2),
(6916, 12246, 227, 5, 6, 6, 5, 6, 6, 5, 8, 5),
(6917, 12247, 228, 3, 1, 5, 3, 4, 2, 2, 2, 4),
(6918, 12248, 229, 6, 7, 7, 7, 6, 7, 7, 7, 7),
(6919, 12249, 230, 6, 7, 7, 7, 7, 6, 7, 7, 7),
(6920, 12250, 231, 2, 4, 5, 6, 5, 4, 6, 5, 4),
(6921, 12251, 232, 6, 8, 7, 7, 6, 7, 3, 8, 7),
(6922, 12252, 233, 4, 5, 6, 5, 5, 6, 7, 2, 3),
(6923, 12253, 234, 6, 8, 7, 7, 7, 7, 7, 8, 7),
(6924, 12254, 235, 6, 7, 7, 7, 7, 7, 7, 7, 7),
(6925, 12255, 236, 1, 6, 7, 5, 3, 6, 2, 3, 3),
(6926, 12256, 237, 6, 8, 7, 7, 7, 2, 4, 1, 2),
(6927, 12257, 238, 2, 1, 5, 3, 2, 2, 4, 1, 4),
(6928, 12258, 239, 3, 2, 4, 2, 3, 3, 3, 2, 2),
(6929, 12259, 240, 6, 7, 7, 7, 7, 7, 7, 4, 8),
(6930, 12260, 241, 1, 6, 7, 5, 3, 6, 2, 3, 3),
(6931, 12261, 242, 2, 6, 2, 3, 6, 6, 4, 6, 8),
(6932, 12262, 243, 2, 4, 5, 6, 5, 4, 6, 7, 7),
(6933, 12263, 244, 1, 6, 7, 8, 7, 7, 7, 3, 4),
(6934, 12264, 245, 2, 4, 5, 4, 3, 2, 4, 3, 2),
(6935, 12265, 246, 3, 1, 4, 3, 2, 4, 3, 1, 4),
(6936, 12266, 247, 2, 6, 2, 3, 6, 6, 4, 6, 8),
(6937, 12267, 248, 3, 1, 4, 2, 3, 3, 3, 2, 2),
(6938, 12268, 249, 6, 7, 8, 7, 6, 7, 2, 4, 3),
(6939, 12269, 250, 2, 3, 6, 7, 7, 7, 2, 4, 3),
(6940, 12270, 251, 1, 2, 4, 5, 6, 5, 4, 6, 4),
(6941, 12271, 252, 3, 1, 4, 3, 2, 4, 3, 1, 4),
(6942, 12272, 253, 2, 3, 1, 4, 3, 3, 4, 3, 1),
(6943, 12273, 254, 4, 2, 3, 2, 1, 3, 2, 1, 5),
(6944, 12274, 255, 1, 2, 3, 4, 4, 2, 1, 3, 2),
(6945, 12275, 256, 2, 1, 3, 4, 3, 3, 2, 6, 1),
(6946, 12276, 257, 2, 1, 2, 3, 4, 2, 1, 1, 1),
(6947, 12277, 258, 2, 4, 5, 6, 5, 4, 6, 7, 7),
(6948, 12278, 259, 1, 3, 2, 4, 2, 2, 2, 2, 1),
(6949, 12279, 260, 1, 2, 2, 3, 2, 2, 3, 2, 1),
(6950, 12280, 261, 3, 2, 3, 2, 3, 3, 2, 3, 2),
(6951, 12281, 262, 3, 2, 1, 3, 2, 3, 2, 1, 2),
(6952, 12282, 263, 4, 2, 3, 4, 2, 2, 4, 2, 4),
(6953, 12283, 264, 3, 2, 2, 1, 1, 1, 1, 4, 2),
(6954, 12284, 265, 2, 1, 2, 1, 2, 2, 3, 2, 4),
(6955, 12285, 266, 5, 2, 3, 1, 2, 5, 2, 2, 5),
(6956, 12286, 267, 2, 3, 1, 3, 2, 2, 1, 2, 1),
(6957, 12287, 268, 3, 2, 1, 2, 3, 1, 2, 7, 2),
(6958, 12288, 269, 1, 6, 7, 8, 7, 7, 7, 3, 4),
(6959, 12289, 270, 2, 3, 2, 1, 3, 1, 2, 7, 6),
(6960, 12290, 271, 2, 3, 5, 2, 1, 1, 1, 4, 3),
(6961, 12291, 272, 3, 2, 1, 3, 2, 5, 1, 6, 2),
(6962, 12292, 273, 2, 3, 4, 2, 1, 2, 4, 3, 2),
(6963, 12293, 274, 3, 1, 1, 1, 2, 4, 1, 3, 2),
(6964, 12294, 275, 1, 2, 3, 4, 2, 3, 3, 3, 2),
(6965, 12295, 276, 6, 8, 7, 7, 7, 2, 4, 1, 2),
(6966, 12296, 277, 2, 1, 5, 3, 2, 2, 4, 1, 4),
(6967, 12297, 278, 3, 2, 4, 2, 3, 3, 3, 2, 2),
(6968, 12298, 279, 1, 6, 7, 8, 7, 7, 7, 3, 4),
(6969, 12299, 280, 2, 4, 5, 4, 3, 2, 4, 3, 2),
(6970, 12300, 281, 1, 6, 7, 5, 3, 6, 2, 3, 3),
(6971, 12301, 282, 1, 2, 3, 4, 2, 3, 3, 3, 2),
(6972, 12302, 283, 6, 8, 7, 7, 7, 2, 4, 1, 2),
(6973, 12303, 284, 2, 1, 5, 3, 2, 2, 4, 1, 4),
(6974, 12304, 285, 3, 2, 4, 2, 3, 3, 3, 2, 2),
(6975, 12305, 286, 6, 8, 7, 7, 7, 2, 4, 1, 2),
(6976, 12306, 287, 2, 1, 5, 3, 2, 2, 4, 1, 4),
(6977, 12307, 288, 3, 2, 4, 2, 3, 3, 3, 2, 2),
(6978, 12308, 289, 1, 6, 7, 8, 7, 7, 7, 3, 4),
(6979, 12309, 290, 1, 6, 7, 5, 3, 6, 2, 3, 3),
(6980, 12310, 291, 3, 1, 4, 3, 2, 4, 3, 1, 4),
(6981, 12311, 292, 1, 2, 3, 4, 2, 3, 3, 3, 2),
(6982, 12312, 293, 6, 8, 7, 7, 7, 2, 4, 1, 2),
(6983, 12313, 294, 6, 8, 7, 7, 7, 2, 4, 1, 2),
(6984, 12314, 295, 2, 1, 5, 3, 2, 2, 4, 1, 4),
(6985, 12315, 296, 3, 2, 4, 2, 3, 3, 3, 2, 2),
(6986, 12316, 297, 1, 2, 3, 4, 2, 3, 3, 3, 2),
(6987, 12317, 298, 6, 8, 7, 7, 7, 2, 4, 1, 2),
(6988, 12318, 299, 6, 7, 7, 7, 7, 7, 7, 7, 8),
(6989, 12319, 300, 6, 8, 7, 7, 7, 7, 7, 7, 8),
(6990, 12320, 301, 6, 7, 7, 7, 7, 7, 7, 4, 8),
(6991, 12321, 302, 3, 1, 4, 2, 3, 3, 3, 2, 2),
(6992, 12322, 303, 6, 8, 7, 7, 6, 7, 3, 8, 7),
(6993, 12323, 304, 4, 5, 6, 5, 5, 6, 7, 2, 3),
(6994, 12324, 305, 6, 8, 7, 7, 7, 7, 7, 8, 7),
(6995, 12325, 306, 6, 7, 7, 7, 7, 7, 7, 7, 7),
(6996, 12326, 307, 6, 7, 7, 7, 6, 7, 7, 7, 7),
(6997, 12327, 308, 6, 7, 7, 7, 7, 6, 7, 7, 7),
(6998, 12328, 309, 6, 7, 7, 7, 7, 7, 7, 7, 8),
(6999, 12329, 310, 6, 8, 7, 7, 7, 7, 7, 7, 8),
(7000, 12330, 311, 4, 5, 6, 5, 5, 6, 7, 2, 3),
(7001, 12331, 312, 6, 8, 7, 7, 7, 7, 7, 8, 7),
(7002, 12332, 313, 6, 7, 8, 7, 6, 7, 2, 4, 3),
(7003, 12333, 314, 6, 5, 6, 5, 5, 6, 7, 2, 3),
(7004, 12334, 315, 8, 8, 7, 7, 7, 7, 7, 8, 7),
(7005, 12335, 316, 7, 7, 7, 7, 7, 7, 7, 7, 7),
(7006, 12336, 317, 7, 7, 7, 7, 6, 7, 7, 7, 7),
(7007, 12337, 318, 6, 7, 7, 7, 7, 6, 7, 7, 7),
(7008, 12338, 319, 6, 7, 7, 7, 7, 7, 7, 7, 8),
(7009, 12339, 320, 6, 8, 7, 7, 7, 7, 7, 7, 8),
(7010, 12340, 321, 4, 5, 6, 5, 5, 6, 7, 2, 3),
(7011, 12341, 322, 6, 8, 7, 7, 7, 7, 7, 8, 7),
(7012, 12342, 323, 6, 5, 6, 5, 5, 6, 7, 2, 3),
(7013, 12343, 324, 4, 5, 6, 5, 6, 5, 5, 6, 6),
(7014, 12344, 325, 2, 3, 6, 7, 7, 7, 2, 4, 3),
(7015, 12345, 326, 8, 8, 7, 7, 7, 7, 7, 8, 7),
(7016, 12346, 327, 7, 7, 7, 7, 6, 7, 7, 7, 7),
(7017, 12347, 328, 4, 5, 6, 5, 5, 6, 7, 2, 3),
(7018, 12348, 329, 2, 4, 5, 4, 3, 2, 4, 3, 2),
(7019, 12349, 330, 3, 1, 4, 3, 2, 4, 3, 1, 4),
(7020, 12350, 331, 4, 5, 6, 5, 6, 5, 5, 6, 6),
(7021, 12351, 332, 2, 3, 4, 2, 4, 3, 3, 2, 3),
(7022, 12352, 333, 6, 7, 7, 7, 7, 7, 7, 7, 8),
(7023, 12353, 334, 6, 8, 7, 7, 7, 7, 7, 7, 8),
(7024, 12354, 335, 4, 5, 6, 6, 5, 6, 6, 6, 6),
(7025, 12355, 336, 1, 2, 4, 5, 6, 5, 4, 6, 4),
(7026, 12356, 337, 3, 1, 4, 2, 3, 3, 3, 2, 2),
(7027, 12357, 338, 5, 6, 6, 5, 6, 6, 5, 8, 5),
(7028, 12358, 339, 3, 1, 5, 3, 4, 2, 2, 2, 4),
(7029, 12359, 340, 6, 7, 7, 7, 6, 7, 7, 7, 7),
(7030, 12360, 341, 6, 7, 7, 7, 7, 6, 7, 7, 7),
(7031, 12361, 342, 2, 4, 5, 6, 5, 4, 6, 5, 4),
(7032, 12362, 343, 6, 8, 7, 7, 6, 7, 3, 8, 7),
(7033, 12363, 344, 4, 5, 6, 5, 5, 6, 7, 2, 3),
(7034, 12364, 345, 6, 8, 7, 7, 7, 7, 7, 8, 7),
(7035, 12365, 346, 6, 7, 7, 7, 7, 7, 7, 7, 7),
(7036, 12366, 347, 3, 1, 4, 3, 2, 4, 3, 1, 4),
(7037, 12367, 348, 6, 8, 7, 7, 7, 2, 4, 1, 2),
(7038, 12368, 349, 2, 1, 5, 3, 2, 2, 4, 1, 4),
(7039, 12369, 350, 3, 2, 4, 2, 3, 3, 3, 2, 2),
(7040, 12370, 351, 6, 7, 7, 7, 7, 7, 7, 4, 8),
(7041, 12371, 352, 1, 6, 7, 5, 3, 6, 2, 3, 3),
(7042, 12372, 353, 2, 6, 2, 3, 6, 6, 4, 6, 8),
(7043, 12373, 354, 2, 4, 5, 6, 5, 4, 6, 7, 7),
(7044, 12374, 355, 1, 6, 7, 8, 7, 7, 7, 3, 4),
(7045, 12375, 356, 2, 4, 5, 4, 3, 2, 4, 3, 2),
(7046, 12376, 357, 3, 1, 4, 3, 2, 4, 3, 1, 4),
(7047, 12377, 358, 2, 3, 1, 4, 3, 3, 4, 3, 1),
(7048, 12378, 359, 3, 1, 4, 2, 3, 3, 3, 2, 2),
(7049, 12379, 360, 6, 7, 8, 7, 6, 7, 2, 4, 3),
(7050, 12380, 361, 2, 3, 6, 7, 7, 7, 2, 4, 3),
(7051, 12381, 362, 1, 2, 4, 5, 6, 5, 4, 6, 4),
(7052, 12382, 363, 3, 1, 4, 3, 2, 4, 3, 1, 4),
(7053, 12383, 364, 2, 3, 1, 4, 3, 3, 4, 3, 1),
(7054, 12384, 365, 4, 2, 3, 2, 1, 3, 2, 1, 5),
(7055, 12385, 366, 1, 2, 3, 4, 4, 2, 1, 3, 2),
(7056, 12386, 367, 2, 1, 3, 4, 3, 3, 2, 6, 1),
(7057, 12387, 368, 2, 1, 2, 3, 4, 2, 1, 1, 1),
(7058, 12388, 369, 4, 2, 3, 2, 1, 3, 2, 1, 5),
(7059, 12389, 370, 1, 3, 2, 4, 2, 2, 2, 2, 1),
(7060, 12390, 371, 1, 2, 2, 3, 2, 2, 3, 2, 1),
(7061, 12391, 372, 3, 2, 3, 2, 3, 3, 2, 3, 2),
(7062, 12392, 373, 3, 2, 1, 3, 2, 3, 2, 1, 2),
(7063, 12393, 374, 4, 2, 3, 4, 2, 2, 4, 2, 4),
(7064, 12394, 375, 3, 2, 2, 1, 1, 1, 1, 4, 2),
(7065, 12395, 376, 2, 1, 2, 1, 2, 2, 3, 2, 4),
(7066, 12396, 377, 5, 2, 3, 1, 2, 5, 2, 2, 5),
(7067, 12397, 378, 2, 3, 1, 3, 2, 2, 1, 2, 1),
(7068, 12398, 379, 3, 2, 1, 2, 3, 1, 2, 7, 2),
(7069, 12399, 380, 1, 2, 3, 4, 4, 2, 1, 3, 2),
(7070, 12400, 381, 2, 3, 2, 1, 3, 1, 2, 7, 6),
(7071, 12401, 382, 2, 3, 5, 2, 1, 1, 1, 4, 3),
(7072, 12402, 383, 3, 2, 1, 3, 2, 5, 1, 6, 2),
(7073, 12403, 384, 2, 3, 4, 2, 1, 2, 4, 3, 2),
(7074, 12404, 385, 3, 1, 1, 1, 2, 4, 1, 3, 2),
(7075, 12405, 386, 1, 2, 3, 4, 2, 3, 3, 3, 2),
(7076, 12406, 387, 6, 8, 7, 7, 7, 2, 4, 1, 2),
(7077, 12407, 388, 2, 1, 5, 3, 2, 2, 4, 1, 4),
(7078, 12408, 389, 3, 2, 4, 2, 3, 3, 3, 2, 2),
(7079, 12409, 390, 1, 6, 7, 8, 7, 7, 7, 3, 4),
(7080, 12410, 391, 2, 1, 3, 4, 3, 3, 2, 6, 1),
(7081, 12411, 392, 1, 6, 7, 5, 3, 6, 2, 3, 3),
(7082, 12412, 393, 1, 2, 3, 4, 2, 3, 3, 3, 2),
(7083, 12413, 394, 6, 8, 7, 7, 7, 2, 4, 1, 2),
(7084, 12414, 395, 2, 1, 5, 3, 2, 2, 4, 1, 4),
(7085, 12415, 396, 3, 2, 4, 2, 3, 3, 3, 2, 2),
(7086, 12416, 397, 6, 8, 7, 7, 7, 2, 4, 1, 2),
(7087, 12417, 398, 2, 1, 5, 3, 2, 2, 4, 1, 4),
(7088, 12418, 399, 3, 2, 4, 2, 3, 3, 3, 2, 2),
(7089, 12419, 400, 1, 6, 7, 8, 7, 7, 7, 3, 4),
(7090, 12420, 401, 1, 6, 7, 5, 3, 6, 2, 3, 3),
(7091, 12421, 402, 2, 1, 2, 3, 4, 2, 1, 1, 1),
(7092, 12422, 403, 1, 2, 3, 4, 2, 3, 3, 3, 2),
(7093, 12423, 404, 6, 8, 7, 7, 7, 2, 4, 1, 2),
(7094, 12424, 405, 6, 8, 7, 7, 7, 2, 4, 1, 2),
(7095, 12425, 406, 2, 1, 5, 3, 2, 2, 4, 1, 4),
(7096, 12426, 407, 3, 2, 4, 2, 3, 3, 3, 2, 2),
(7097, 12427, 408, 1, 2, 3, 4, 2, 3, 3, 3, 2),
(7098, 12428, 409, 6, 8, 7, 7, 7, 2, 4, 1, 2),
(7099, 12429, 410, 6, 7, 7, 7, 7, 7, 7, 7, 8),
(7100, 12430, 411, 6, 8, 7, 7, 7, 7, 7, 7, 8),
(7101, 12431, 412, 6, 7, 7, 7, 7, 7, 7, 4, 8),
(7102, 12432, 413, 1, 3, 2, 4, 2, 2, 2, 2, 1),
(7103, 12433, 414, 6, 8, 7, 7, 6, 7, 3, 8, 7),
(7104, 12434, 415, 4, 5, 6, 5, 5, 6, 7, 2, 3),
(7105, 12435, 416, 6, 8, 7, 7, 7, 7, 7, 8, 7),
(7106, 12436, 417, 6, 7, 7, 7, 7, 7, 7, 7, 7),
(7107, 12437, 418, 6, 7, 7, 7, 6, 7, 7, 7, 7),
(7108, 12438, 419, 6, 7, 7, 7, 7, 6, 7, 7, 7),
(7109, 12439, 420, 6, 7, 7, 7, 7, 7, 7, 7, 8),
(7110, 12440, 421, 6, 8, 7, 7, 7, 7, 7, 7, 8),
(7111, 12441, 422, 4, 5, 6, 5, 5, 6, 7, 2, 3),
(7112, 12442, 423, 6, 8, 7, 7, 7, 7, 7, 8, 7),
(7113, 12443, 424, 1, 2, 2, 3, 2, 2, 3, 2, 1),
(7114, 12444, 425, 6, 5, 6, 5, 5, 6, 7, 2, 3),
(7115, 12445, 426, 8, 8, 7, 7, 7, 7, 7, 8, 7),
(7116, 12446, 427, 7, 7, 7, 7, 7, 7, 7, 7, 7),
(7117, 12447, 428, 7, 7, 7, 7, 6, 7, 7, 7, 7),
(7118, 12448, 429, 6, 7, 7, 7, 7, 6, 7, 7, 7),
(7119, 12449, 430, 6, 7, 7, 7, 7, 7, 7, 7, 8),
(7120, 12450, 431, 6, 8, 7, 7, 7, 7, 7, 7, 8),
(7121, 12451, 432, 4, 5, 6, 5, 5, 6, 7, 2, 3),
(7122, 12452, 433, 6, 8, 7, 7, 7, 7, 7, 8, 7),
(7123, 12453, 434, 6, 5, 6, 5, 5, 6, 7, 2, 3),
(7124, 12454, 435, 2, 3, 4, 2, 4, 3, 3, 2, 3),
(7125, 12455, 436, 3, 2, 3, 2, 3, 3, 2, 3, 2),
(7126, 12456, 437, 8, 8, 7, 7, 7, 7, 7, 8, 7),
(7127, 12457, 438, 7, 7, 7, 7, 6, 7, 7, 7, 7),
(7128, 12458, 439, 4, 5, 6, 5, 5, 6, 7, 2, 3),
(7129, 12459, 440, 2, 4, 5, 4, 3, 2, 4, 3, 2),
(7130, 12460, 441, 3, 1, 4, 3, 2, 4, 3, 1, 4),
(7131, 12461, 442, 4, 5, 6, 5, 6, 5, 5, 6, 6),
(7132, 12462, 443, 2, 3, 4, 2, 4, 3, 3, 2, 3),
(7133, 12463, 444, 6, 7, 7, 7, 7, 7, 7, 7, 8),
(7134, 12464, 445, 6, 8, 7, 7, 7, 7, 7, 7, 8),
(7135, 12465, 446, 4, 5, 6, 6, 5, 6, 6, 6, 6),
(7136, 12466, 447, 3, 2, 1, 3, 2, 3, 2, 1, 2),
(7137, 12467, 448, 3, 1, 4, 2, 3, 3, 3, 2, 2),
(7138, 12468, 449, 5, 6, 6, 5, 6, 6, 5, 8, 5),
(7139, 12469, 450, 3, 1, 5, 3, 4, 2, 2, 2, 4),
(7140, 12470, 451, 6, 7, 7, 7, 6, 7, 7, 7, 7),
(7141, 12471, 452, 6, 7, 7, 7, 7, 6, 7, 7, 7),
(7142, 12472, 453, 2, 4, 5, 6, 5, 4, 6, 5, 4),
(7143, 12473, 454, 6, 8, 7, 7, 6, 7, 3, 8, 7),
(7144, 12474, 455, 4, 5, 6, 5, 5, 6, 7, 2, 3),
(7145, 12475, 456, 6, 8, 7, 7, 7, 7, 7, 8, 7),
(7146, 12476, 457, 6, 7, 7, 7, 7, 7, 7, 7, 7),
(7147, 12477, 458, 4, 2, 3, 4, 2, 2, 4, 2, 4),
(7148, 12478, 459, 6, 8, 7, 7, 7, 2, 4, 1, 2),
(7149, 12479, 460, 2, 1, 5, 3, 2, 2, 4, 1, 4),
(7150, 12480, 461, 3, 2, 4, 2, 3, 3, 3, 2, 2),
(7151, 12481, 462, 6, 7, 7, 7, 7, 7, 7, 4, 8),
(7152, 12482, 463, 1, 6, 7, 5, 3, 6, 2, 3, 3),
(7153, 12483, 464, 2, 6, 2, 3, 6, 6, 4, 6, 8),
(7154, 12484, 465, 2, 4, 5, 6, 5, 4, 6, 7, 7),
(7155, 12485, 466, 1, 6, 7, 8, 7, 7, 7, 3, 4),
(7156, 12486, 467, 2, 4, 5, 4, 3, 2, 4, 3, 2),
(7157, 12487, 468, 3, 1, 4, 3, 2, 4, 3, 1, 4),
(7158, 12488, 469, 3, 2, 2, 1, 1, 1, 1, 4, 2),
(7159, 12489, 470, 3, 1, 4, 2, 3, 3, 3, 2, 2),
(7160, 12490, 471, 6, 7, 8, 7, 6, 7, 2, 4, 3),
(7161, 12491, 472, 2, 3, 6, 7, 7, 7, 2, 4, 3),
(7162, 12492, 473, 1, 2, 4, 5, 6, 5, 4, 6, 4),
(7163, 12493, 474, 3, 1, 4, 3, 2, 4, 3, 1, 4),
(7164, 12494, 475, 2, 3, 1, 4, 3, 3, 4, 3, 1),
(7165, 12495, 476, 4, 2, 3, 2, 1, 3, 2, 1, 5),
(7166, 12496, 477, 1, 2, 3, 4, 4, 2, 1, 3, 2),
(7167, 12497, 478, 2, 1, 3, 4, 3, 3, 2, 6, 1),
(7168, 12498, 479, 2, 1, 2, 3, 4, 2, 1, 1, 1),
(7169, 12499, 480, 2, 1, 2, 1, 2, 2, 3, 2, 4),
(7170, 12500, 481, 1, 3, 2, 4, 2, 2, 2, 2, 1),
(7171, 12501, 482, 1, 2, 2, 3, 2, 2, 3, 2, 1),
(7172, 12502, 483, 3, 2, 3, 2, 3, 3, 2, 3, 2),
(7173, 12503, 484, 3, 2, 1, 3, 2, 3, 2, 1, 2),
(7174, 12504, 485, 4, 2, 3, 4, 2, 2, 4, 2, 4),
(7175, 12505, 486, 3, 2, 2, 1, 1, 1, 1, 4, 2),
(7176, 12506, 487, 2, 1, 2, 1, 2, 2, 3, 2, 4),
(7177, 12507, 488, 5, 2, 3, 1, 2, 5, 2, 2, 5),
(7178, 12508, 489, 2, 3, 1, 3, 2, 2, 1, 2, 1),
(7179, 12509, 490, 3, 2, 1, 2, 3, 1, 2, 7, 2),
(7180, 12510, 491, 5, 2, 3, 1, 2, 5, 2, 2, 5),
(7181, 12511, 492, 2, 3, 2, 1, 3, 1, 2, 7, 6),
(7182, 12512, 493, 2, 3, 5, 2, 1, 1, 1, 4, 3),
(7183, 12513, 494, 3, 2, 1, 3, 2, 5, 1, 6, 2),
(7184, 12514, 495, 2, 3, 4, 2, 1, 2, 4, 3, 2),
(7185, 12515, 496, 3, 1, 1, 1, 2, 4, 1, 3, 2),
(7186, 12516, 497, 1, 2, 3, 4, 2, 3, 3, 3, 2),
(7187, 12517, 498, 6, 8, 7, 7, 7, 2, 4, 1, 2),
(7188, 12518, 499, 2, 1, 5, 3, 2, 2, 4, 1, 4),
(7189, 12519, 500, 3, 2, 4, 2, 3, 3, 3, 2, 2),
(7190, 12520, 501, 1, 6, 7, 8, 7, 7, 7, 3, 4),
(7191, 12521, 502, 2, 3, 1, 3, 2, 2, 1, 2, 1),
(7192, 12522, 503, 1, 6, 7, 5, 3, 6, 2, 3, 3),
(7193, 12523, 504, 1, 2, 3, 4, 2, 3, 3, 3, 2),
(7194, 12524, 505, 6, 8, 7, 7, 7, 2, 4, 1, 2),
(7195, 12525, 506, 2, 1, 5, 3, 2, 2, 4, 1, 4),
(7196, 12526, 507, 3, 2, 4, 2, 3, 3, 3, 2, 2),
(7197, 12527, 508, 6, 8, 7, 7, 7, 2, 4, 1, 2),
(7198, 12528, 509, 2, 1, 5, 3, 2, 2, 4, 1, 4),
(7199, 12529, 510, 3, 2, 4, 2, 3, 3, 3, 2, 2),
(7200, 12530, 511, 1, 6, 7, 8, 7, 7, 7, 3, 4),
(7201, 12531, 512, 1, 6, 7, 5, 3, 6, 2, 3, 3),
(7202, 12532, 513, 3, 2, 1, 2, 3, 1, 2, 7, 2),
(7203, 12533, 514, 1, 2, 3, 4, 2, 3, 3, 3, 2),
(7204, 12534, 515, 6, 8, 7, 7, 7, 2, 4, 1, 2),
(7205, 12535, 516, 6, 8, 7, 7, 7, 2, 4, 1, 2),
(7206, 12536, 517, 2, 1, 5, 3, 2, 2, 4, 1, 4),
(7207, 12537, 518, 3, 2, 4, 2, 3, 3, 3, 2, 2),
(7208, 12538, 519, 1, 2, 3, 4, 2, 3, 3, 3, 2),
(7209, 12539, 520, 6, 8, 7, 7, 7, 2, 4, 1, 2),
(7210, 12540, 521, 6, 7, 7, 7, 7, 7, 7, 7, 8),
(7211, 12541, 522, 6, 8, 7, 7, 7, 7, 7, 7, 8),
(7212, 12542, 523, 6, 7, 7, 7, 7, 7, 7, 4, 8),
(7213, 12543, 524, 2, 3, 2, 1, 3, 1, 2, 7, 6),
(7214, 12544, 525, 6, 8, 7, 7, 6, 7, 3, 8, 7),
(7215, 12545, 526, 4, 5, 6, 5, 5, 6, 7, 2, 3),
(7216, 12546, 527, 6, 8, 7, 7, 7, 7, 7, 8, 7),
(7217, 12547, 528, 6, 7, 7, 7, 7, 7, 7, 7, 7),
(7218, 12548, 529, 6, 7, 7, 7, 6, 7, 7, 7, 7),
(7219, 12549, 530, 6, 7, 7, 7, 7, 6, 7, 7, 7),
(7220, 12550, 531, 6, 7, 7, 7, 7, 7, 7, 7, 8),
(7221, 12551, 532, 6, 8, 7, 7, 7, 7, 7, 7, 8),
(7222, 12552, 533, 4, 5, 6, 5, 5, 6, 7, 2, 3),
(7223, 12553, 534, 6, 8, 7, 7, 7, 7, 7, 8, 7),
(7224, 12554, 535, 2, 3, 5, 2, 1, 1, 1, 4, 3),
(7225, 12555, 536, 6, 5, 6, 5, 5, 6, 7, 2, 3),
(7226, 12556, 537, 8, 8, 7, 7, 7, 7, 7, 8, 7),
(7227, 12557, 538, 7, 7, 7, 7, 7, 7, 7, 7, 7),
(7228, 12558, 539, 7, 7, 7, 7, 6, 7, 7, 7, 7),
(7229, 12559, 540, 6, 7, 7, 7, 7, 6, 7, 7, 7),
(7230, 12560, 541, 6, 7, 7, 7, 7, 7, 7, 7, 8),
(7231, 12561, 542, 6, 8, 7, 7, 7, 7, 7, 7, 8),
(7232, 12562, 543, 4, 5, 6, 5, 5, 6, 7, 2, 3),
(7233, 12563, 544, 6, 8, 7, 7, 7, 7, 7, 8, 7),
(7234, 12564, 545, 6, 5, 6, 5, 5, 6, 7, 2, 3),
(7235, 12565, 546, 6, 7, 7, 7, 7, 7, 7, 7, 8),
(7236, 12566, 547, 3, 2, 1, 3, 2, 5, 1, 6, 2),
(7237, 12567, 548, 8, 8, 7, 7, 7, 7, 7, 8, 7),
(7238, 12568, 549, 7, 7, 7, 7, 6, 7, 7, 7, 7),
(7239, 12569, 550, 4, 5, 6, 5, 5, 6, 7, 2, 3),
(7240, 12570, 551, 2, 4, 5, 4, 3, 2, 4, 3, 2),
(7241, 12571, 552, 3, 1, 4, 3, 2, 4, 3, 1, 4),
(7242, 12572, 553, 4, 5, 6, 5, 6, 5, 5, 6, 6),
(7243, 12573, 554, 2, 3, 4, 2, 4, 3, 3, 2, 3),
(7244, 12574, 555, 6, 7, 7, 7, 7, 7, 7, 7, 8),
(7245, 12575, 556, 6, 8, 7, 7, 7, 7, 7, 7, 8),
(7246, 12576, 557, 4, 5, 6, 6, 5, 6, 6, 6, 6),
(7247, 12577, 558, 2, 3, 4, 2, 1, 2, 4, 3, 2),
(7248, 12578, 559, 3, 1, 4, 2, 3, 3, 3, 2, 2),
(7249, 12579, 560, 5, 6, 6, 5, 6, 6, 5, 8, 5),
(7250, 12580, 561, 3, 1, 5, 3, 4, 2, 2, 2, 4),
(7251, 12581, 562, 6, 7, 7, 7, 6, 7, 7, 7, 7),
(7252, 12582, 563, 6, 7, 7, 7, 7, 6, 7, 7, 7),
(7253, 12583, 564, 2, 4, 5, 6, 5, 4, 6, 5, 4),
(7254, 12584, 565, 6, 8, 7, 7, 6, 7, 3, 8, 7),
(7255, 12585, 566, 4, 5, 6, 5, 5, 6, 7, 2, 3),
(7256, 12586, 567, 6, 8, 7, 7, 7, 7, 7, 8, 7),
(7257, 12587, 568, 6, 7, 7, 7, 7, 7, 7, 7, 7),
(7258, 12588, 569, 3, 1, 1, 1, 2, 4, 1, 3, 2),
(7259, 12589, 570, 6, 8, 7, 7, 7, 2, 4, 1, 2),
(7260, 12590, 571, 2, 1, 5, 3, 2, 2, 4, 1, 4),
(7261, 12591, 572, 3, 2, 4, 2, 3, 3, 3, 2, 2),
(7262, 12592, 573, 6, 7, 7, 7, 7, 7, 7, 4, 8),
(7263, 12593, 574, 1, 6, 7, 5, 3, 6, 2, 3, 3),
(7264, 12594, 575, 2, 6, 2, 3, 6, 6, 4, 6, 8),
(7265, 12595, 576, 2, 4, 5, 6, 5, 4, 6, 7, 7),
(7266, 12596, 577, 1, 6, 7, 8, 7, 7, 7, 3, 4),
(7267, 12597, 578, 2, 4, 5, 4, 3, 2, 4, 3, 2),
(7268, 12598, 579, 3, 1, 4, 3, 2, 4, 3, 1, 4),
(7269, 12599, 580, 1, 2, 3, 4, 2, 3, 3, 3, 2),
(7270, 12600, 581, 3, 1, 4, 2, 3, 3, 3, 2, 2),
(7271, 12601, 582, 6, 7, 8, 7, 6, 7, 2, 4, 3),
(7272, 12602, 583, 2, 3, 6, 7, 7, 7, 2, 4, 3),
(7273, 12603, 584, 1, 2, 4, 5, 6, 5, 4, 6, 4),
(7274, 12604, 585, 3, 1, 4, 3, 2, 4, 3, 1, 4),
(7275, 12605, 586, 2, 3, 1, 4, 3, 3, 4, 3, 1),
(7276, 12606, 587, 4, 2, 3, 2, 1, 3, 2, 1, 5),
(7277, 12607, 588, 1, 2, 3, 4, 4, 2, 1, 3, 2),
(7278, 12608, 589, 2, 1, 3, 4, 3, 3, 2, 6, 1),
(7279, 12609, 590, 2, 1, 2, 3, 4, 2, 1, 1, 1),
(7280, 12610, 591, 6, 8, 7, 7, 7, 2, 4, 1, 2),
(7281, 12611, 592, 1, 3, 2, 4, 2, 2, 2, 2, 1),
(7282, 12612, 593, 1, 2, 2, 3, 2, 2, 3, 2, 1),
(7283, 12613, 594, 3, 2, 3, 2, 3, 3, 2, 3, 2),
(7284, 12614, 595, 3, 2, 1, 3, 2, 3, 2, 1, 2),
(7285, 12615, 596, 4, 2, 3, 4, 2, 2, 4, 2, 4),
(7286, 12616, 597, 3, 2, 2, 1, 1, 1, 1, 4, 2),
(7287, 12617, 598, 2, 1, 2, 1, 2, 2, 3, 2, 4),
(7288, 12618, 599, 5, 2, 3, 1, 2, 5, 2, 2, 5),
(7289, 12619, 600, 2, 3, 1, 3, 2, 2, 1, 2, 1),
(7290, 12620, 601, 3, 2, 1, 2, 3, 1, 2, 7, 2),
(7291, 12621, 602, 2, 1, 5, 3, 2, 2, 4, 1, 4),
(7292, 12622, 603, 2, 3, 2, 1, 3, 1, 2, 7, 6),
(7293, 12623, 604, 2, 3, 5, 2, 1, 1, 1, 4, 3),
(7294, 12624, 605, 3, 2, 1, 3, 2, 5, 1, 6, 2),
(7295, 12625, 606, 2, 3, 4, 2, 1, 2, 4, 3, 2),
(7296, 12626, 607, 3, 1, 1, 1, 2, 4, 1, 3, 2),
(7297, 12627, 608, 1, 2, 3, 4, 2, 3, 3, 3, 2),
(7298, 12628, 609, 6, 8, 7, 7, 7, 2, 4, 1, 2),
(7299, 12629, 610, 2, 1, 5, 3, 2, 2, 4, 1, 4),
(7300, 12630, 611, 3, 2, 4, 2, 3, 3, 3, 2, 2),
(7301, 12631, 612, 1, 6, 7, 8, 7, 7, 7, 3, 4),
(7302, 12632, 613, 3, 2, 4, 2, 3, 3, 3, 2, 2),
(7303, 12633, 614, 1, 6, 7, 5, 3, 6, 2, 3, 3),
(7304, 12634, 615, 1, 2, 3, 4, 2, 3, 3, 3, 2),
(7305, 12635, 616, 6, 8, 7, 7, 7, 2, 4, 1, 2),
(7306, 12636, 617, 2, 1, 5, 3, 2, 2, 4, 1, 4),
(7307, 12637, 618, 3, 2, 4, 2, 3, 3, 3, 2, 2),
(7308, 12638, 619, 6, 8, 7, 7, 7, 2, 4, 1, 2),
(7309, 12639, 620, 2, 1, 5, 3, 2, 2, 4, 1, 4),
(7310, 12640, 621, 3, 2, 4, 2, 3, 3, 3, 2, 2),
(7311, 12641, 622, 1, 6, 7, 8, 7, 7, 7, 3, 4),
(7312, 12642, 623, 1, 6, 7, 5, 3, 6, 2, 3, 3),
(7313, 12643, 624, 1, 6, 7, 8, 7, 7, 7, 3, 4),
(7314, 12644, 625, 1, 2, 3, 4, 2, 3, 3, 3, 2),
(7315, 12645, 626, 6, 8, 7, 7, 7, 2, 4, 1, 2),
(7316, 12646, 627, 6, 8, 7, 7, 7, 2, 4, 1, 2),
(7317, 12647, 628, 2, 1, 5, 3, 2, 2, 4, 1, 4),
(7318, 12648, 629, 3, 2, 4, 2, 3, 3, 3, 2, 2),
(7319, 12649, 630, 1, 2, 3, 4, 2, 3, 3, 3, 2),
(7320, 12650, 631, 6, 8, 7, 7, 7, 2, 4, 1, 2),
(7321, 12651, 632, 6, 7, 7, 7, 7, 7, 7, 7, 8),
(7322, 12652, 633, 6, 8, 7, 7, 7, 7, 7, 7, 8),
(7323, 12653, 634, 6, 7, 7, 7, 7, 7, 7, 4, 8),
(7324, 12654, 635, 1, 6, 7, 5, 3, 6, 2, 3, 3),
(7325, 12655, 636, 6, 8, 7, 7, 6, 7, 3, 8, 7),
(7326, 12656, 637, 4, 5, 6, 5, 5, 6, 7, 2, 3),
(7327, 12657, 638, 6, 8, 7, 7, 7, 7, 7, 8, 7),
(7328, 12658, 639, 6, 7, 7, 7, 7, 7, 7, 7, 7),
(7329, 12659, 640, 6, 7, 7, 7, 6, 7, 7, 7, 7),
(7330, 12660, 641, 6, 7, 7, 7, 7, 6, 7, 7, 7),
(7331, 12661, 642, 6, 7, 7, 7, 7, 7, 7, 7, 8),
(7332, 12662, 643, 6, 8, 7, 7, 7, 7, 7, 7, 8),
(7333, 12663, 644, 4, 5, 6, 5, 5, 6, 7, 2, 3),
(7334, 12664, 645, 6, 8, 7, 7, 7, 7, 7, 8, 7),
(7335, 12665, 646, 1, 2, 3, 4, 2, 3, 3, 3, 2),
(7336, 12666, 647, 6, 5, 6, 5, 5, 6, 7, 2, 3),
(7337, 12667, 648, 8, 8, 7, 7, 7, 7, 7, 8, 7),
(7338, 12668, 649, 7, 7, 7, 7, 7, 7, 7, 7, 7),
(7339, 12669, 650, 7, 7, 7, 7, 6, 7, 7, 7, 7),
(7340, 12670, 651, 6, 7, 7, 7, 7, 6, 7, 7, 7),
(7341, 12671, 652, 6, 7, 7, 7, 7, 7, 7, 7, 8),
(7342, 12672, 653, 6, 8, 7, 7, 7, 7, 7, 7, 8),
(7343, 12673, 654, 4, 5, 6, 5, 5, 6, 7, 2, 3),
(7344, 12674, 655, 6, 8, 7, 7, 7, 7, 7, 8, 7),
(7345, 12675, 656, 6, 5, 6, 5, 5, 6, 7, 2, 3),
(7346, 12676, 657, 6, 8, 7, 7, 7, 7, 7, 7, 8),
(7347, 12677, 658, 6, 8, 7, 7, 7, 2, 4, 1, 2),
(7348, 12678, 659, 8, 8, 7, 7, 7, 7, 7, 8, 7),
(7349, 12679, 660, 7, 7, 7, 7, 6, 7, 7, 7, 7),
(7350, 12680, 661, 4, 5, 6, 5, 5, 6, 7, 2, 3),
(7351, 12681, 662, 2, 4, 5, 4, 3, 2, 4, 3, 2),
(7352, 12682, 663, 3, 1, 4, 3, 2, 4, 3, 1, 4),
(7353, 12683, 664, 4, 5, 6, 5, 6, 5, 5, 6, 6),
(7354, 12684, 665, 2, 3, 4, 2, 4, 3, 3, 2, 3),
(7355, 12685, 666, 6, 7, 7, 7, 7, 7, 7, 7, 8),
(7356, 12686, 667, 6, 8, 7, 7, 7, 7, 7, 7, 8),
(7357, 12687, 668, 4, 5, 6, 6, 5, 6, 6, 6, 6),
(7358, 12688, 669, 2, 1, 5, 3, 2, 2, 4, 1, 4),
(7359, 12689, 670, 3, 1, 4, 2, 3, 3, 3, 2, 2),
(7360, 12690, 671, 5, 6, 6, 5, 6, 6, 5, 8, 5),
(7361, 12691, 672, 3, 1, 5, 3, 4, 2, 2, 2, 4),
(7362, 12692, 673, 6, 7, 7, 7, 6, 7, 7, 7, 7),
(7363, 12693, 674, 6, 7, 7, 7, 7, 6, 7, 7, 7),
(7364, 12694, 675, 2, 4, 5, 6, 5, 4, 6, 5, 4),
(7365, 12695, 676, 6, 8, 7, 7, 6, 7, 3, 8, 7),
(7366, 12696, 677, 4, 5, 6, 5, 5, 6, 7, 2, 3),
(7367, 12697, 678, 6, 8, 7, 7, 7, 7, 7, 8, 7),
(7368, 12698, 679, 6, 7, 7, 7, 7, 7, 7, 7, 7),
(7369, 12699, 680, 3, 2, 4, 2, 3, 3, 3, 2, 2),
(7370, 12700, 681, 6, 8, 7, 7, 7, 2, 4, 1, 2),
(7371, 12701, 682, 2, 1, 5, 3, 2, 2, 4, 1, 4),
(7372, 12702, 683, 3, 2, 4, 2, 3, 3, 3, 2, 2),
(7373, 12703, 684, 6, 7, 7, 7, 7, 7, 7, 4, 8),
(7374, 12704, 685, 1, 6, 7, 5, 3, 6, 2, 3, 3),
(7375, 12705, 686, 2, 6, 2, 3, 6, 6, 4, 6, 8),
(7376, 12706, 687, 2, 4, 5, 6, 5, 4, 6, 7, 7),
(7377, 12707, 688, 1, 6, 7, 8, 7, 7, 7, 3, 4),
(7378, 12708, 689, 2, 4, 5, 4, 3, 2, 4, 3, 2),
(7379, 12709, 690, 3, 1, 4, 3, 2, 4, 3, 1, 4),
(7380, 12710, 691, 6, 8, 7, 7, 7, 2, 4, 1, 2),
(7381, 12711, 692, 3, 1, 4, 2, 3, 3, 3, 2, 2),
(7382, 12712, 693, 6, 7, 8, 7, 6, 7, 2, 4, 3),
(7383, 12713, 694, 2, 3, 6, 7, 7, 7, 2, 4, 3),
(7384, 12714, 695, 1, 2, 4, 5, 6, 5, 4, 6, 4),
(7385, 12715, 696, 3, 1, 4, 3, 2, 4, 3, 1, 4),
(7386, 12716, 697, 2, 3, 1, 4, 3, 3, 4, 3, 1),
(7387, 12717, 698, 4, 2, 3, 2, 1, 3, 2, 1, 5),
(7388, 12718, 699, 1, 2, 3, 4, 4, 2, 1, 3, 2),
(7389, 12719, 700, 2, 1, 3, 4, 3, 3, 2, 6, 1),
(7390, 12720, 701, 2, 1, 2, 3, 4, 2, 1, 1, 1),
(7391, 12721, 702, 2, 1, 5, 3, 2, 2, 4, 1, 4),
(7392, 12722, 703, 1, 3, 2, 4, 2, 2, 2, 2, 1),
(7393, 12723, 704, 1, 2, 2, 3, 2, 2, 3, 2, 1),
(7394, 12724, 705, 3, 2, 3, 2, 3, 3, 2, 3, 2),
(7395, 12725, 706, 3, 2, 1, 3, 2, 3, 2, 1, 2),
(7396, 12726, 707, 4, 2, 3, 4, 2, 2, 4, 2, 4),
(7397, 12727, 708, 3, 2, 2, 1, 1, 1, 1, 4, 2),
(7398, 12728, 709, 2, 1, 2, 1, 2, 2, 3, 2, 4),
(7399, 12729, 710, 5, 2, 3, 1, 2, 5, 2, 2, 5),
(7400, 12730, 711, 2, 3, 1, 3, 2, 2, 1, 2, 1),
(7401, 12731, 712, 3, 2, 1, 2, 3, 1, 2, 7, 2),
(7402, 12732, 713, 3, 2, 4, 2, 3, 3, 3, 2, 2),
(7403, 12733, 714, 2, 3, 2, 1, 3, 1, 2, 7, 6),
(7404, 12734, 715, 2, 3, 5, 2, 1, 1, 1, 4, 3),
(7405, 12735, 716, 3, 2, 1, 3, 2, 5, 1, 6, 2),
(7406, 12736, 717, 2, 3, 4, 2, 1, 2, 4, 3, 2),
(7407, 12737, 718, 3, 1, 1, 1, 2, 4, 1, 3, 2),
(7408, 12738, 719, 1, 2, 3, 4, 2, 3, 3, 3, 2),
(7409, 12739, 720, 6, 8, 7, 7, 7, 2, 4, 1, 2),
(7410, 12740, 721, 2, 1, 5, 3, 2, 2, 4, 1, 4),
(7411, 12741, 722, 3, 2, 4, 2, 3, 3, 3, 2, 2),
(7412, 12742, 723, 1, 6, 7, 8, 7, 7, 7, 3, 4),
(7413, 12743, 724, 1, 6, 7, 8, 7, 7, 7, 3, 4),
(7414, 12744, 725, 1, 6, 7, 5, 3, 6, 2, 3, 3),
(7415, 12745, 726, 1, 2, 3, 4, 2, 3, 3, 3, 2),
(7416, 12746, 727, 6, 8, 7, 7, 7, 2, 4, 1, 2),
(7417, 12747, 728, 2, 1, 5, 3, 2, 2, 4, 1, 4),
(7418, 12748, 729, 3, 2, 4, 2, 3, 3, 3, 2, 2),
(7419, 12749, 730, 6, 8, 7, 7, 7, 2, 4, 1, 2),
(7420, 12750, 731, 2, 1, 5, 3, 2, 2, 4, 1, 4),
(7421, 12751, 732, 3, 2, 4, 2, 3, 3, 3, 2, 2),
(7422, 12752, 733, 1, 6, 7, 8, 7, 7, 7, 3, 4),
(7423, 12753, 734, 1, 6, 7, 5, 3, 6, 2, 3, 3),
(7424, 12754, 735, 1, 6, 7, 5, 3, 6, 2, 3, 3),
(7425, 12755, 736, 1, 2, 3, 4, 2, 3, 3, 3, 2),
(7426, 12756, 737, 6, 8, 7, 7, 7, 2, 4, 1, 2),
(7427, 12757, 738, 6, 8, 7, 7, 7, 2, 4, 1, 2),
(7428, 12758, 739, 2, 1, 5, 3, 2, 2, 4, 1, 4),
(7429, 12759, 740, 3, 2, 4, 2, 3, 3, 3, 2, 2),
(7430, 12760, 741, 1, 2, 3, 4, 2, 3, 3, 3, 2),
(7431, 12761, 742, 6, 8, 7, 7, 7, 2, 4, 1, 2),
(7432, 12762, 743, 6, 7, 7, 7, 7, 7, 7, 7, 8),
(7433, 12763, 744, 6, 8, 7, 7, 7, 7, 7, 7, 8),
(7434, 12764, 745, 6, 7, 7, 7, 7, 7, 7, 4, 8),
(7435, 12765, 746, 1, 2, 3, 4, 2, 3, 3, 3, 2),
(7436, 12766, 747, 6, 8, 7, 7, 6, 7, 3, 8, 7),
(7437, 12767, 748, 4, 5, 6, 5, 5, 6, 7, 2, 3),
(7438, 12768, 749, 6, 8, 7, 7, 7, 7, 7, 8, 7),
(7439, 12769, 750, 6, 7, 7, 7, 7, 7, 7, 7, 7),
(7440, 12770, 751, 6, 7, 7, 7, 6, 7, 7, 7, 7),
(7441, 12771, 752, 6, 7, 7, 7, 7, 6, 7, 7, 7),
(7442, 12772, 753, 6, 7, 7, 7, 7, 7, 7, 7, 8),
(7443, 12773, 754, 6, 8, 7, 7, 7, 7, 7, 7, 8),
(7444, 12774, 755, 4, 5, 6, 5, 5, 6, 7, 2, 3),
(7445, 12775, 756, 6, 8, 7, 7, 7, 7, 7, 8, 7),
(7446, 12776, 757, 6, 8, 7, 7, 7, 2, 4, 1, 2),
(7447, 12777, 758, 6, 5, 6, 5, 5, 6, 7, 2, 3),
(7448, 12778, 759, 8, 8, 7, 7, 7, 7, 7, 8, 7),
(7449, 12779, 760, 7, 7, 7, 7, 7, 7, 7, 7, 7),
(7450, 12780, 761, 7, 7, 7, 7, 6, 7, 7, 7, 7),
(7451, 12781, 762, 6, 7, 7, 7, 7, 6, 7, 7, 7),
(7452, 12782, 763, 6, 7, 7, 7, 7, 7, 7, 7, 8),
(7453, 12783, 764, 6, 8, 7, 7, 7, 7, 7, 7, 8),
(7454, 12784, 765, 4, 5, 6, 5, 5, 6, 7, 2, 3),
(7455, 12785, 766, 6, 8, 7, 7, 7, 7, 7, 8, 7),
(7456, 12786, 767, 6, 5, 6, 5, 5, 6, 7, 2, 3),
(7457, 12787, 768, 4, 5, 6, 6, 5, 6, 6, 6, 6),
(7458, 12788, 769, 6, 8, 7, 7, 7, 2, 4, 1, 2),
(7459, 12789, 770, 8, 8, 7, 7, 7, 7, 7, 8, 7),
(7460, 12790, 771, 7, 7, 7, 7, 6, 7, 7, 7, 7),
(7461, 12791, 772, 4, 5, 6, 5, 5, 6, 7, 2, 3),
(7462, 12792, 773, 2, 4, 5, 4, 3, 2, 4, 3, 2),
(7463, 12793, 774, 3, 1, 4, 3, 2, 4, 3, 1, 4),
(7464, 12794, 775, 4, 5, 6, 5, 6, 5, 5, 6, 6),
(7465, 12795, 776, 2, 3, 4, 2, 4, 3, 3, 2, 3),
(7466, 12796, 777, 6, 7, 7, 7, 7, 7, 7, 7, 8),
(7467, 12797, 778, 6, 8, 7, 7, 7, 7, 7, 7, 8),
(7468, 12798, 779, 4, 5, 6, 6, 5, 6, 6, 6, 6),
(7469, 12799, 780, 2, 1, 5, 3, 2, 2, 4, 1, 4),
(7470, 12800, 781, 3, 1, 4, 2, 3, 3, 3, 2, 2),
(7471, 12801, 782, 5, 6, 6, 5, 6, 6, 5, 8, 5),
(7472, 12802, 783, 3, 1, 5, 3, 4, 2, 2, 2, 4),
(7473, 12803, 784, 6, 7, 7, 7, 6, 7, 7, 7, 7),
(7474, 12804, 785, 6, 7, 7, 7, 7, 6, 7, 7, 7),
(7475, 12805, 786, 2, 4, 5, 6, 5, 4, 6, 5, 4),
(7476, 12806, 787, 6, 8, 7, 7, 6, 7, 3, 8, 7),
(7477, 12807, 788, 4, 5, 6, 5, 5, 6, 7, 2, 3),
(7478, 12808, 789, 6, 8, 7, 7, 7, 7, 7, 8, 7),
(7479, 12809, 790, 6, 7, 7, 7, 7, 7, 7, 7, 7),
(7480, 12810, 791, 3, 2, 4, 2, 3, 3, 3, 2, 2),
(7481, 12811, 792, 6, 8, 7, 7, 7, 2, 4, 1, 2),
(7482, 12812, 793, 2, 1, 5, 3, 2, 2, 4, 1, 4),
(7483, 12813, 794, 3, 2, 4, 2, 3, 3, 3, 2, 2),
(7484, 12814, 795, 6, 7, 7, 7, 7, 7, 7, 4, 8),
(7485, 12815, 796, 1, 6, 7, 5, 3, 6, 2, 3, 3),
(7486, 12816, 797, 2, 6, 2, 3, 6, 6, 4, 6, 8),
(7487, 12817, 798, 2, 4, 5, 6, 5, 4, 6, 7, 7),
(7488, 12818, 799, 1, 6, 7, 8, 7, 7, 7, 3, 4),
(7489, 12819, 800, 2, 4, 5, 4, 3, 2, 4, 3, 2),
(7490, 12820, 801, 3, 1, 4, 3, 2, 4, 3, 1, 4),
(7491, 12821, 802, 1, 2, 3, 4, 2, 3, 3, 3, 2),
(7492, 12822, 803, 3, 1, 4, 2, 3, 3, 3, 2, 2),
(7493, 12823, 804, 6, 7, 8, 7, 6, 7, 2, 4, 3),
(7494, 12824, 805, 2, 3, 6, 7, 7, 7, 2, 4, 3),
(7495, 12825, 806, 1, 2, 4, 5, 6, 5, 4, 6, 4),
(7496, 12826, 807, 3, 1, 4, 3, 2, 4, 3, 1, 4),
(7497, 12827, 808, 2, 3, 1, 4, 3, 3, 4, 3, 1),
(7498, 12828, 809, 4, 2, 3, 2, 1, 3, 2, 1, 5),
(7499, 12829, 810, 1, 2, 3, 4, 4, 2, 1, 3, 2),
(7500, 12830, 811, 2, 1, 3, 4, 3, 3, 2, 6, 1),
(7501, 12831, 812, 2, 1, 2, 3, 4, 2, 1, 1, 1),
(7502, 12832, 813, 6, 8, 7, 7, 7, 2, 4, 1, 2),
(7503, 12833, 814, 1, 3, 2, 4, 2, 2, 2, 2, 1),
(7504, 12834, 815, 1, 2, 2, 3, 2, 2, 3, 2, 1),
(7505, 12835, 816, 3, 2, 3, 2, 3, 3, 2, 3, 2),
(7506, 12836, 817, 3, 2, 1, 3, 2, 3, 2, 1, 2),
(7507, 12837, 818, 4, 2, 3, 4, 2, 2, 4, 2, 4),
(7508, 12838, 819, 3, 2, 2, 1, 1, 1, 1, 4, 2),
(7509, 12839, 820, 2, 1, 2, 1, 2, 2, 3, 2, 4),
(7510, 12840, 821, 5, 2, 3, 1, 2, 5, 2, 2, 5),
(7511, 12841, 822, 2, 3, 1, 3, 2, 2, 1, 2, 1),
(7512, 12842, 823, 3, 2, 1, 2, 3, 1, 2, 7, 2),
(7513, 12843, 824, 6, 7, 7, 7, 7, 7, 7, 7, 8),
(7514, 12844, 825, 2, 3, 2, 1, 3, 1, 2, 7, 6),
(7515, 12845, 826, 2, 3, 5, 2, 1, 1, 1, 4, 3),
(7516, 12846, 827, 3, 2, 1, 3, 2, 5, 1, 6, 2),
(7517, 12847, 828, 2, 3, 4, 2, 1, 2, 4, 3, 2),
(7518, 12848, 829, 3, 1, 1, 1, 2, 4, 1, 3, 2),
(7519, 12849, 830, 1, 2, 3, 4, 2, 3, 3, 3, 2),
(7520, 12850, 831, 6, 8, 7, 7, 7, 2, 4, 1, 2),
(7521, 12851, 832, 2, 1, 5, 3, 2, 2, 4, 1, 4),
(7522, 12852, 833, 3, 2, 4, 2, 3, 3, 3, 2, 2),
(7523, 12853, 834, 1, 6, 7, 8, 7, 7, 7, 3, 4),
(7524, 12854, 835, 6, 8, 7, 7, 7, 7, 7, 7, 8),
(7525, 12855, 836, 1, 6, 7, 5, 3, 6, 2, 3, 3),
(7526, 12856, 837, 1, 2, 3, 4, 2, 3, 3, 3, 2),
(7527, 12857, 838, 6, 8, 7, 7, 7, 2, 4, 1, 2),
(7528, 12858, 839, 2, 1, 5, 3, 2, 2, 4, 1, 4),
(7529, 12859, 840, 3, 2, 4, 2, 3, 3, 3, 2, 2),
(7530, 12860, 841, 6, 8, 7, 7, 7, 2, 4, 1, 2),
(7531, 12861, 842, 2, 1, 5, 3, 2, 2, 4, 1, 4),
(7532, 12862, 843, 3, 2, 4, 2, 3, 3, 3, 2, 2),
(7533, 12863, 844, 1, 6, 7, 8, 7, 7, 7, 3, 4),
(7534, 12864, 845, 1, 6, 7, 5, 3, 6, 2, 3, 3),
(7535, 12865, 846, 6, 7, 7, 7, 7, 7, 7, 4, 8),
(7536, 12866, 847, 1, 2, 3, 4, 2, 3, 3, 3, 2),
(7537, 12867, 848, 6, 8, 7, 7, 7, 2, 4, 1, 2),
(7538, 12868, 849, 6, 8, 7, 7, 7, 2, 4, 1, 2),
(7539, 12869, 850, 2, 1, 5, 3, 2, 2, 4, 1, 4),
(7540, 12870, 851, 3, 2, 4, 2, 3, 3, 3, 2, 2),
(7541, 12871, 852, 1, 2, 3, 4, 2, 3, 3, 3, 2),
(7542, 12872, 853, 6, 8, 7, 7, 7, 2, 4, 1, 2),
(7543, 12873, 854, 6, 7, 7, 7, 7, 7, 7, 7, 8),
(7544, 12874, 855, 6, 8, 7, 7, 7, 7, 7, 7, 8),
(7545, 12875, 856, 6, 7, 7, 7, 7, 7, 7, 4, 8),
(7546, 12876, 857, 6, 8, 7, 7, 6, 7, 3, 8, 7),
(7547, 12877, 858, 6, 8, 7, 7, 6, 7, 3, 8, 7),
(7548, 12878, 859, 4, 5, 6, 5, 5, 6, 7, 2, 3),
(7549, 12879, 860, 6, 8, 7, 7, 7, 7, 7, 8, 7),
(7550, 12880, 861, 6, 7, 7, 7, 7, 7, 7, 7, 7),
(7551, 12881, 862, 6, 7, 7, 7, 6, 7, 7, 7, 7),
(7552, 12882, 863, 6, 7, 7, 7, 7, 6, 7, 7, 7),
(7553, 12883, 864, 6, 7, 7, 7, 7, 7, 7, 7, 8),
(7554, 12884, 865, 6, 8, 7, 7, 7, 7, 7, 7, 8),
(7555, 12885, 866, 4, 5, 6, 5, 5, 6, 7, 2, 3),
(7556, 12886, 867, 6, 8, 7, 7, 7, 7, 7, 8, 7),
(7557, 12887, 868, 4, 5, 6, 5, 5, 6, 7, 2, 3),
(7558, 12888, 869, 6, 5, 6, 5, 5, 6, 7, 2, 3),
(7559, 12889, 870, 8, 8, 7, 7, 7, 7, 7, 8, 7),
(7560, 12890, 871, 7, 7, 7, 7, 7, 7, 7, 7, 7),
(7561, 12891, 872, 7, 7, 7, 7, 6, 7, 7, 7, 7),
(7562, 12892, 873, 6, 7, 7, 7, 7, 6, 7, 7, 7),
(7563, 12893, 874, 6, 7, 7, 7, 7, 7, 7, 7, 8),
(7564, 12894, 875, 6, 8, 7, 7, 7, 7, 7, 7, 8),
(7565, 12895, 876, 4, 5, 6, 5, 5, 6, 7, 2, 3),
(7566, 12896, 877, 6, 8, 7, 7, 7, 7, 7, 8, 7),
(7567, 12897, 878, 6, 5, 6, 5, 5, 6, 7, 2, 3),
(7568, 12898, 879, 3, 1, 4, 2, 3, 3, 3, 2, 2),
(7569, 12899, 880, 6, 8, 7, 7, 7, 7, 7, 8, 7),
(7570, 12900, 881, 8, 8, 7, 7, 7, 7, 7, 8, 7),
(7571, 12901, 882, 7, 7, 7, 7, 6, 7, 7, 7, 7),
(7572, 12902, 883, 4, 5, 6, 5, 5, 6, 7, 2, 3),
(7573, 12903, 884, 2, 4, 5, 4, 3, 2, 4, 3, 2),
(7574, 12904, 885, 3, 1, 4, 3, 2, 4, 3, 1, 4),
(7575, 12905, 886, 4, 5, 6, 5, 6, 5, 5, 6, 6),
(7576, 12906, 887, 2, 3, 4, 2, 4, 3, 3, 2, 3),
(7577, 12907, 888, 6, 7, 7, 7, 7, 7, 7, 7, 8),
(7578, 12908, 889, 6, 8, 7, 7, 7, 7, 7, 7, 8),
(7579, 12909, 890, 4, 5, 6, 6, 5, 6, 6, 6, 6),
(7580, 12910, 891, 6, 7, 7, 7, 7, 7, 7, 7, 7),
(7581, 12911, 892, 3, 1, 4, 2, 3, 3, 3, 2, 2),
(7582, 12912, 893, 5, 6, 6, 5, 6, 6, 5, 8, 5),
(7583, 12913, 894, 3, 1, 5, 3, 4, 2, 2, 2, 4),
(7584, 12914, 895, 6, 7, 7, 7, 6, 7, 7, 7, 7),
(7585, 12915, 896, 6, 7, 7, 7, 7, 6, 7, 7, 7),
(7586, 12916, 897, 2, 4, 5, 6, 5, 4, 6, 5, 4),
(7587, 12917, 898, 6, 8, 7, 7, 6, 7, 3, 8, 7),
(7588, 12918, 899, 4, 5, 6, 5, 5, 6, 7, 2, 3),
(7589, 12919, 900, 6, 8, 7, 7, 7, 7, 7, 8, 7),
(7590, 12920, 901, 6, 7, 7, 7, 7, 7, 7, 7, 7),
(7591, 12921, 902, 6, 7, 7, 7, 6, 7, 7, 7, 7),
(7592, 12922, 903, 6, 8, 7, 7, 7, 2, 4, 1, 2),
(7593, 12923, 904, 2, 1, 5, 3, 2, 2, 4, 1, 4),
(7594, 12924, 905, 3, 2, 4, 2, 3, 3, 3, 2, 2),
(7595, 12925, 906, 6, 7, 7, 7, 7, 7, 7, 4, 8),
(7596, 12926, 907, 1, 6, 7, 5, 3, 6, 2, 3, 3),
(7597, 12927, 908, 2, 6, 2, 3, 6, 6, 4, 6, 8),
(7598, 12928, 909, 2, 4, 5, 6, 5, 4, 6, 7, 7),
(7599, 12929, 910, 1, 6, 7, 8, 7, 7, 7, 3, 4),
(7600, 12930, 911, 2, 4, 5, 4, 3, 2, 4, 3, 2),
(7601, 12931, 912, 3, 1, 4, 3, 2, 4, 3, 1, 4),
(7602, 12932, 913, 6, 7, 7, 7, 7, 6, 7, 7, 7),
(7603, 12933, 914, 3, 1, 4, 2, 3, 3, 3, 2, 2),
(7604, 12934, 915, 6, 7, 8, 7, 6, 7, 2, 4, 3),
(7605, 12935, 916, 2, 3, 6, 7, 7, 7, 2, 4, 3),
(7606, 12936, 917, 1, 2, 4, 5, 6, 5, 4, 6, 4),
(7607, 12937, 918, 3, 1, 4, 3, 2, 4, 3, 1, 4),
(7608, 12938, 919, 2, 3, 1, 4, 3, 3, 4, 3, 1),
(7609, 12939, 920, 4, 2, 3, 2, 1, 3, 2, 1, 5),
(7610, 12940, 921, 1, 2, 3, 4, 4, 2, 1, 3, 2),
(7611, 12941, 922, 2, 1, 3, 4, 3, 3, 2, 6, 1),
(7612, 12942, 923, 2, 1, 2, 3, 4, 2, 1, 1, 1),
(7613, 12943, 924, 6, 7, 7, 7, 7, 7, 7, 7, 8),
(7614, 12944, 925, 1, 3, 2, 4, 2, 2, 2, 2, 1),
(7615, 12945, 926, 1, 2, 2, 3, 2, 2, 3, 2, 1),
(7616, 12946, 927, 3, 2, 3, 2, 3, 3, 2, 3, 2),
(7617, 12947, 928, 3, 2, 1, 3, 2, 3, 2, 1, 2),
(7618, 12948, 929, 4, 2, 3, 4, 2, 2, 4, 2, 4),
(7619, 12949, 930, 3, 2, 2, 1, 1, 1, 1, 4, 2),
(7620, 12950, 931, 2, 1, 2, 1, 2, 2, 3, 2, 4),
(7621, 12951, 932, 5, 2, 3, 1, 2, 5, 2, 2, 5),
(7622, 12952, 933, 2, 3, 1, 3, 2, 2, 1, 2, 1),
(7623, 12953, 934, 3, 2, 1, 2, 3, 1, 2, 7, 2),
(7624, 12954, 935, 6, 8, 7, 7, 7, 7, 7, 7, 8),
(7625, 12955, 936, 2, 3, 2, 1, 3, 1, 2, 7, 6),
(7626, 12956, 937, 2, 3, 5, 2, 1, 1, 1, 4, 3),
(7627, 12957, 938, 3, 2, 1, 3, 2, 5, 1, 6, 2),
(7628, 12958, 939, 2, 3, 4, 2, 1, 2, 4, 3, 2),
(7629, 12959, 940, 3, 1, 1, 1, 2, 4, 1, 3, 2),
(7630, 12960, 941, 1, 2, 3, 4, 2, 3, 3, 3, 2),
(7631, 12961, 942, 6, 8, 7, 7, 7, 2, 4, 1, 2),
(7632, 12962, 943, 2, 1, 5, 3, 2, 2, 4, 1, 4),
(7633, 12963, 944, 3, 2, 4, 2, 3, 3, 3, 2, 2),
(7634, 12964, 945, 1, 6, 7, 8, 7, 7, 7, 3, 4),
(7635, 12965, 946, 4, 5, 6, 5, 5, 6, 7, 2, 3),
(7636, 12966, 947, 1, 6, 7, 5, 3, 6, 2, 3, 3),
(7637, 12967, 948, 1, 2, 3, 4, 2, 3, 3, 3, 2),
(7638, 12968, 949, 6, 8, 7, 7, 7, 2, 4, 1, 2),
(7639, 12969, 950, 2, 1, 5, 3, 2, 2, 4, 1, 4),
(7640, 12970, 951, 3, 2, 4, 2, 3, 3, 3, 2, 2),
(7641, 12971, 952, 6, 8, 7, 7, 7, 2, 4, 1, 2),
(7642, 12972, 953, 2, 1, 5, 3, 2, 2, 4, 1, 4),
(7643, 12973, 954, 3, 2, 4, 2, 3, 3, 3, 2, 2),
(7644, 12974, 955, 1, 6, 7, 8, 7, 7, 7, 3, 4),
(7645, 12975, 956, 1, 6, 7, 5, 3, 6, 2, 3, 3),
(7646, 12976, 957, 6, 8, 7, 7, 7, 7, 7, 8, 7),
(7647, 12977, 958, 1, 2, 3, 4, 2, 3, 3, 3, 2),
(7648, 12978, 959, 6, 8, 7, 7, 7, 2, 4, 1, 2),
(7649, 12979, 960, 6, 8, 7, 7, 7, 2, 4, 1, 2),
(7650, 12980, 961, 2, 1, 5, 3, 2, 2, 4, 1, 4),
(7651, 12981, 962, 3, 2, 4, 2, 3, 3, 3, 2, 2),
(7652, 12982, 963, 1, 2, 3, 4, 2, 3, 3, 3, 2),
(7653, 12983, 964, 6, 8, 7, 7, 7, 2, 4, 1, 2),
(7654, 12984, 965, 6, 7, 7, 7, 7, 7, 7, 7, 8),
(7655, 12985, 966, 6, 8, 7, 7, 7, 7, 7, 7, 8),
(7656, 12986, 967, 6, 7, 7, 7, 7, 7, 7, 4, 8),
(7657, 12987, 968, 6, 5, 6, 5, 5, 6, 7, 2, 3),
(7658, 12988, 969, 6, 8, 7, 7, 6, 7, 3, 8, 7),
(7659, 12989, 970, 4, 5, 6, 5, 5, 6, 7, 2, 3),
(7660, 12990, 971, 6, 8, 7, 7, 7, 7, 7, 8, 7),
(7661, 12991, 972, 6, 7, 7, 7, 7, 7, 7, 7, 7),
(7662, 12992, 973, 6, 7, 7, 7, 6, 7, 7, 7, 7),
(7663, 12993, 974, 6, 7, 7, 7, 7, 6, 7, 7, 7),
(7664, 12994, 975, 6, 7, 7, 7, 7, 7, 7, 7, 8),
(7665, 12995, 976, 6, 8, 7, 7, 7, 7, 7, 7, 8),
(7666, 12996, 977, 4, 5, 6, 5, 5, 6, 7, 2, 3),
(7667, 12997, 978, 6, 8, 7, 7, 7, 7, 7, 8, 7),
(7668, 12998, 979, 8, 8, 7, 7, 7, 7, 7, 8, 7),
(7669, 12999, 980, 6, 5, 6, 5, 5, 6, 7, 2, 3),
(7670, 13000, 981, 8, 8, 7, 7, 7, 7, 7, 8, 7),
(7671, 13001, 982, 7, 7, 7, 7, 7, 7, 7, 7, 7),
(7672, 13002, 983, 7, 7, 7, 7, 6, 7, 7, 7, 7),
(7673, 13003, 984, 6, 7, 7, 7, 7, 6, 7, 7, 7),
(7674, 13004, 985, 6, 7, 7, 7, 7, 7, 7, 7, 8),
(7675, 13005, 986, 6, 8, 7, 7, 7, 7, 7, 7, 8),
(7676, 13006, 987, 4, 5, 6, 5, 5, 6, 7, 2, 3),
(7677, 13007, 988, 6, 8, 7, 7, 7, 7, 7, 8, 7),
(7678, 13008, 989, 6, 5, 6, 5, 5, 6, 7, 2, 3),
(7679, 13009, 990, 5, 6, 6, 5, 6, 6, 5, 8, 5),
(7680, 13010, 991, 7, 7, 7, 7, 7, 7, 7, 7, 7),
(7681, 13011, 992, 8, 8, 7, 7, 7, 7, 7, 8, 7),
(7682, 13012, 993, 7, 7, 7, 7, 6, 7, 7, 7, 7),
(7683, 13013, 994, 4, 5, 6, 5, 5, 6, 7, 2, 3),
(7684, 13014, 995, 2, 4, 5, 4, 3, 2, 4, 3, 2),
(7685, 13015, 996, 3, 1, 4, 3, 2, 4, 3, 1, 4),
(7686, 13016, 997, 4, 5, 6, 5, 6, 5, 5, 6, 6),
(7687, 13017, 998, 2, 3, 4, 2, 4, 3, 3, 2, 3),
(7688, 13018, 999, 6, 7, 7, 7, 7, 7, 7, 7, 8),
(7689, 13019, 1000, 6, 8, 7, 7, 7, 7, 7, 7, 8),
(7690, 13020, 1001, 4, 5, 6, 6, 5, 6, 6, 6, 6),
(7691, 13021, 1002, 7, 7, 7, 7, 6, 7, 7, 7, 7),
(7692, 13022, 1003, 3, 1, 4, 2, 3, 3, 3, 2, 2),
(7693, 13023, 1004, 5, 6, 6, 5, 6, 6, 5, 8, 5),
(7694, 13024, 1005, 3, 1, 5, 3, 4, 2, 2, 2, 4),
(7695, 13025, 1006, 6, 7, 7, 7, 6, 7, 7, 7, 7),
(7696, 13026, 1007, 6, 7, 7, 7, 7, 6, 7, 7, 7),
(7697, 13027, 1008, 2, 4, 5, 6, 5, 4, 6, 5, 4),
(7698, 13028, 1009, 6, 8, 7, 7, 6, 7, 3, 8, 7),
(7699, 13029, 1010, 4, 5, 6, 5, 5, 6, 7, 2, 3),
(7700, 13030, 1011, 6, 8, 7, 7, 7, 7, 7, 8, 7),
(7701, 13031, 1012, 6, 7, 7, 7, 7, 7, 7, 7, 7),
(7702, 13032, 1013, 6, 7, 7, 7, 7, 6, 7, 7, 7),
(7703, 13033, 1014, 6, 8, 7, 7, 7, 2, 4, 1, 2),
(7704, 13034, 1015, 2, 1, 5, 3, 2, 2, 4, 1, 4),
(7705, 13035, 1016, 3, 2, 4, 2, 3, 3, 3, 2, 2),
(7706, 13036, 1017, 6, 7, 7, 7, 7, 7, 7, 4, 8),
(7707, 13037, 1018, 1, 6, 7, 5, 3, 6, 2, 3, 3),
(7708, 13038, 1019, 2, 6, 2, 3, 6, 6, 4, 6, 8),
(7709, 13039, 1020, 2, 4, 5, 6, 5, 4, 6, 7, 7),
(7710, 13040, 1021, 1, 6, 7, 8, 7, 7, 7, 3, 4),
(7711, 13041, 1022, 2, 4, 5, 4, 3, 2, 4, 3, 2),
(7712, 13042, 1023, 3, 1, 4, 3, 2, 4, 3, 1, 4),
(7713, 13043, 1024, 6, 7, 7, 7, 7, 7, 7, 7, 8),
(7714, 13044, 1025, 3, 1, 4, 2, 3, 3, 3, 2, 2),
(7715, 13045, 1026, 6, 7, 8, 7, 6, 7, 2, 4, 3),
(7716, 13046, 1027, 2, 3, 6, 7, 7, 7, 2, 4, 3),
(7717, 13047, 1028, 1, 2, 4, 5, 6, 5, 4, 6, 4),
(7718, 13048, 1029, 3, 1, 4, 3, 2, 4, 3, 1, 4),
(7719, 13049, 1030, 2, 3, 1, 4, 3, 3, 4, 3, 1),
(7720, 13050, 1031, 4, 2, 3, 2, 1, 3, 2, 1, 5),
(7721, 13051, 1032, 1, 2, 3, 4, 4, 2, 1, 3, 2),
(7722, 13052, 1033, 2, 1, 3, 4, 3, 3, 2, 6, 1),
(7723, 13053, 1034, 2, 1, 2, 3, 4, 2, 1, 1, 1),
(7724, 13054, 1035, 6, 8, 7, 7, 7, 7, 7, 7, 8),
(7725, 13055, 1036, 1, 3, 2, 4, 2, 2, 2, 2, 1),
(7726, 13056, 1037, 1, 2, 2, 3, 2, 2, 3, 2, 1),
(7727, 13057, 1038, 3, 2, 3, 2, 3, 3, 2, 3, 2),
(7728, 13058, 1039, 3, 2, 1, 3, 2, 3, 2, 1, 2),
(7729, 13059, 1040, 4, 2, 3, 4, 2, 2, 4, 2, 4),
(7730, 13060, 1041, 3, 2, 2, 1, 1, 1, 1, 4, 2),
(7731, 13061, 1042, 2, 1, 2, 1, 2, 2, 3, 2, 4),
(7732, 13062, 1043, 5, 2, 3, 1, 2, 5, 2, 2, 5),
(7733, 13063, 1044, 2, 3, 1, 3, 2, 2, 1, 2, 1),
(7734, 13064, 1045, 3, 2, 1, 2, 3, 1, 2, 7, 2),
(7735, 13065, 1046, 4, 5, 6, 5, 5, 6, 7, 2, 3),
(7736, 13066, 1047, 2, 3, 2, 1, 3, 1, 2, 7, 6),
(7737, 13067, 1048, 2, 3, 5, 2, 1, 1, 1, 4, 3),
(7738, 13068, 1049, 3, 2, 1, 3, 2, 5, 1, 6, 2),
(7739, 13069, 1050, 2, 3, 4, 2, 1, 2, 4, 3, 2),
(7740, 13070, 1051, 3, 1, 1, 1, 2, 4, 1, 3, 2),
(7741, 13071, 1052, 1, 2, 3, 4, 2, 3, 3, 3, 2),
(7742, 13072, 1053, 6, 8, 7, 7, 7, 2, 4, 1, 2),
(7743, 13073, 1054, 2, 1, 5, 3, 2, 2, 4, 1, 4),
(7744, 13074, 1055, 3, 2, 4, 2, 3, 3, 3, 2, 2),
(7745, 13075, 1056, 1, 6, 7, 8, 7, 7, 7, 3, 4),
(7746, 13076, 1057, 6, 8, 7, 7, 7, 7, 7, 8, 7),
(7747, 13077, 1058, 1, 6, 7, 5, 3, 6, 2, 3, 3),
(7748, 13078, 1059, 1, 2, 3, 4, 2, 3, 3, 3, 2),
(7749, 13079, 1060, 6, 8, 7, 7, 7, 2, 4, 1, 2),
(7750, 13080, 1061, 2, 1, 5, 3, 2, 2, 4, 1, 4),
(7751, 13081, 1062, 3, 2, 4, 2, 3, 3, 3, 2, 2),
(7752, 13082, 1063, 6, 8, 7, 7, 7, 2, 4, 1, 2),
(7753, 13083, 1064, 2, 1, 5, 3, 2, 2, 4, 1, 4),
(7754, 13084, 1065, 3, 2, 4, 2, 3, 3, 3, 2, 2),
(7755, 13085, 1066, 1, 6, 7, 8, 7, 7, 7, 3, 4),
(7756, 13086, 1067, 1, 6, 7, 5, 3, 6, 2, 3, 3),
(7757, 13087, 1068, 6, 5, 6, 5, 5, 6, 7, 2, 3),
(7758, 13088, 1069, 1, 2, 3, 4, 2, 3, 3, 3, 2),
(7759, 13089, 1070, 6, 8, 7, 7, 7, 2, 4, 1, 2),
(7760, 13090, 1071, 6, 8, 7, 7, 7, 2, 4, 1, 2),
(7761, 13091, 1072, 2, 1, 5, 3, 2, 2, 4, 1, 4),
(7762, 13092, 1073, 3, 2, 4, 2, 3, 3, 3, 2, 2),
(7763, 13093, 1074, 1, 2, 3, 4, 2, 3, 3, 3, 2),
(7764, 13094, 1075, 6, 8, 7, 7, 7, 2, 4, 1, 2),
(7765, 13095, 1076, 6, 7, 7, 7, 7, 7, 7, 7, 8),
(7766, 13096, 1077, 2, 4, 5, 4, 3, 2, 4, 3, 2),
(7767, 13097, 1078, 3, 1, 4, 3, 2, 4, 3, 1, 4),
(7768, 13098, 1079, 8, 8, 7, 7, 7, 7, 7, 8, 7),
(7769, 13099, 1080, 3, 1, 4, 2, 3, 3, 3, 2, 2),
(7770, 13100, 1081, 4, 5, 6, 5, 5, 6, 7, 2, 3),
(7771, 13101, 1082, 6, 8, 7, 7, 7, 7, 7, 8, 7),
(7772, 13102, 1083, 6, 7, 7, 7, 7, 7, 7, 7, 7),
(7773, 13103, 1084, 3, 2, 4, 2, 3, 3, 3, 2, 2),
(7774, 13104, 1085, 1, 2, 3, 4, 2, 3, 3, 3, 2),
(7775, 13105, 1086, 6, 7, 7, 7, 7, 7, 7, 7, 8),
(7776, 13106, 1087, 6, 8, 7, 7, 7, 7, 7, 7, 8),
(7777, 13107, 1088, 4, 5, 6, 5, 5, 6, 7, 2, 3),
(7778, 13108, 1089, 6, 8, 7, 7, 7, 7, 7, 8, 7),
(7779, 13109, 1090, 7, 7, 7, 7, 6, 7, 7, 7, 7),
(7780, 13110, 1091, 6, 5, 6, 5, 5, 6, 7, 2, 3),
(7781, 13111, 1092, 8, 8, 7, 7, 7, 7, 7, 8, 7),
(7782, 13112, 1093, 7, 7, 7, 7, 7, 7, 7, 7, 7),
(7783, 13113, 1094, 7, 7, 7, 7, 6, 7, 7, 7, 7),
(7784, 13114, 1095, 6, 7, 7, 7, 7, 6, 7, 7, 7),
(7785, 13115, 1096, 6, 7, 7, 7, 7, 7, 7, 7, 8),
(7786, 13116, 1097, 6, 8, 7, 7, 7, 7, 7, 7, 8),
(7787, 13117, 1098, 4, 5, 6, 5, 5, 6, 7, 2, 3),
(7788, 13118, 1099, 6, 8, 7, 7, 7, 7, 7, 8, 7),
(7789, 13119, 1100, 6, 5, 6, 5, 5, 6, 7, 2, 3);

-- --------------------------------------------------------

--
-- Table structure for table `MedicalHistory`
--

CREATE TABLE `MedicalHistory` (
  `history_id` int(11) NOT NULL,
  `patient_id` int(11) DEFAULT NULL,
  `chronic_lung_disease` tinyint(4) DEFAULT NULL CHECK (`chronic_lung_disease` between 1 and 7),
  `frequent_cold` tinyint(4) DEFAULT NULL CHECK (`frequent_cold` between 1 and 7),
  `dry_cough` tinyint(4) DEFAULT NULL CHECK (`dry_cough` between 1 and 7),
  `snoring` tinyint(4) DEFAULT NULL CHECK (`snoring` between 1 and 7)
) ENGINE=InnoDB DEFAULT CHARSET=utf8mb4 COLLATE=utf8mb4_general_ci;

--
-- Dumping data for table `MedicalHistory`
--

INSERT INTO `MedicalHistory` (`history_id`, `patient_id`, `chronic_lung_disease`, `frequent_cold`, `dry_cough`, `snoring`) VALUES
(2112245, 101, 2, 2, 3, 4),
(2112246, 102, 2, 1, 7, 2),
(2112247, 103, 4, 6, 7, 2),
(2112248, 104, 7, 6, 7, 5),
(2112249, 105, 6, 4, 2, 3),
(2112250, 106, 4, 6, 7, 2),
(2112251, 107, 2, 2, 3, 4),
(2112252, 108, 3, 3, 4, 3),
(2112253, 109, 5, 2, 4, 1),
(2112254, 110, 3, 2, 1, 5),
(2112255, 111, 6, 4, 5, 3),
(2112256, 112, 6, 3, 1, 4),
(2112257, 113, 4, 7, 5, 6),
(2112258, 114, 7, 6, 7, 5),
(2112259, 115, 2, 2, 6, 2),
(2112260, 116, 5, 1, 6, 2),
(2112261, 117, 2, 1, 7, 2),
(2112262, 118, 7, 6, 7, 5),
(2112263, 119, 7, 7, 6, 2),
(2112264, 120, 5, 2, 1, 6),
(2112265, 121, 7, 1, 7, 6),
(2112266, 122, 4, 6, 7, 2),
(2112267, 123, 6, 4, 2, 3),
(2112268, 124, 6, 2, 3, 1),
(2112269, 125, 7, 7, 6, 2),
(2112270, 126, 6, 3, 4, 2),
(2112271, 127, 3, 3, 2, 3),
(2112272, 128, 2, 6, 5, 4),
(2112273, 129, 6, 4, 6, 5),
(2112274, 130, 2, 7, 7, 5),
(2112275, 131, 6, 6, 5, 7),
(2112276, 132, 5, 1, 6, 2),
(2112277, 133, 6, 1, 2, 1),
(2112278, 134, 2, 2, 3, 4),
(2112279, 135, 3, 3, 4, 3),
(2112280, 136, 5, 2, 1, 6),
(2112281, 137, 2, 2, 6, 2),
(2112282, 138, 7, 1, 2, 1),
(2112283, 139, 7, 2, 5, 1),
(2112284, 140, 5, 2, 3, 1),
(2112285, 141, 3, 3, 4, 3),
(2112286, 142, 2, 2, 3, 4),
(2112287, 143, 2, 1, 2, 3),
(2112288, 144, 3, 2, 1, 1),
(2112289, 145, 5, 2, 1, 1),
(2112290, 146, 3, 3, 1, 2),
(2112291, 147, 7, 1, 7, 6),
(2112292, 148, 6, 1, 2, 4),
(2112293, 149, 4, 5, 2, 1),
(2112294, 150, 2, 5, 1, 1),
(2112295, 151, 1, 1, 4, 1),
(2112296, 152, 3, 4, 3, 1),
(2112297, 153, 1, 1, 1, 1),
(2112298, 154, 1, 1, 2, 2),
(2112299, 155, 3, 2, 4, 2),
(2112300, 156, 5, 3, 4, 2),
(2112301, 157, 5, 2, 3, 3),
(2112302, 158, 4, 6, 7, 2),
(2112303, 159, 2, 3, 2, 3),
(2112304, 160, 1, 3, 2, 2),
(2112305, 161, 4, 2, 3, 2),
(2112306, 162, 1, 2, 1, 2),
(2112307, 163, 3, 4, 5, 2),
(2112308, 164, 4, 4, 2, 5),
(2112309, 165, 6, 3, 4, 2),
(2112310, 166, 3, 3, 2, 3),
(2112311, 167, 2, 6, 5, 4),
(2112312, 168, 6, 1, 2, 1),
(2112313, 169, 6, 4, 2, 3),
(2112314, 170, 2, 7, 7, 5),
(2112315, 171, 4, 4, 2, 5),
(2112316, 172, 6, 3, 4, 2),
(2112317, 173, 3, 3, 2, 3),
(2112318, 174, 2, 6, 5, 4),
(2112319, 175, 6, 3, 4, 2),
(2112320, 176, 3, 3, 2, 3),
(2112321, 177, 2, 6, 5, 4),
(2112322, 178, 6, 1, 2, 1),
(2112323, 179, 2, 7, 7, 5),
(2112324, 180, 6, 2, 3, 1),
(2112325, 181, 4, 4, 2, 5),
(2112326, 182, 6, 3, 4, 2),
(2112327, 183, 6, 3, 4, 2),
(2112328, 184, 3, 3, 2, 3),
(2112329, 185, 2, 6, 5, 4),
(2112330, 186, 4, 4, 2, 5),
(2112331, 187, 6, 3, 4, 2),
(2112332, 188, 6, 4, 5, 3),
(2112333, 189, 6, 3, 1, 4),
(2112334, 190, 6, 4, 6, 5),
(2112335, 191, 6, 3, 4, 2),
(2112336, 192, 7, 1, 7, 6),
(2112337, 193, 4, 6, 7, 2),
(2112338, 194, 6, 4, 2, 3),
(2112339, 195, 6, 2, 3, 1),
(2112340, 196, 7, 6, 7, 5),
(2112341, 197, 7, 7, 6, 2),
(2112342, 198, 6, 4, 5, 3),
(2112343, 199, 6, 3, 1, 4),
(2112344, 200, 4, 6, 7, 2),
(2112345, 201, 6, 4, 2, 3),
(2112346, 202, 3, 3, 2, 3),
(2112347, 203, 4, 6, 7, 2),
(2112348, 204, 6, 4, 2, 3),
(2112349, 205, 6, 2, 3, 1),
(2112350, 206, 7, 6, 7, 5),
(2112351, 207, 7, 7, 6, 2),
(2112352, 208, 6, 4, 5, 3),
(2112353, 209, 6, 3, 1, 4),
(2112354, 210, 4, 6, 7, 2),
(2112355, 211, 6, 4, 2, 3),
(2112356, 212, 4, 6, 7, 2),
(2112357, 213, 3, 3, 4, 3),
(2112358, 214, 2, 6, 5, 4),
(2112359, 215, 6, 4, 2, 3),
(2112360, 216, 7, 6, 7, 5),
(2112361, 217, 4, 6, 7, 2),
(2112362, 218, 2, 2, 3, 4),
(2112363, 219, 3, 3, 4, 3),
(2112364, 220, 5, 2, 4, 1),
(2112365, 221, 3, 2, 1, 5),
(2112366, 222, 6, 4, 5, 3),
(2112367, 223, 6, 3, 1, 4),
(2112368, 224, 4, 7, 5, 6),
(2112369, 225, 6, 4, 6, 5),
(2112370, 226, 2, 2, 6, 2),
(2112371, 227, 5, 1, 6, 2),
(2112372, 228, 2, 1, 7, 2),
(2112373, 229, 7, 6, 7, 5),
(2112374, 230, 7, 7, 6, 2),
(2112375, 231, 5, 2, 1, 6),
(2112376, 232, 7, 1, 7, 6),
(2112377, 233, 4, 6, 7, 2),
(2112378, 234, 6, 4, 2, 3),
(2112379, 235, 6, 2, 3, 1),
(2112380, 236, 2, 7, 7, 5),
(2112381, 237, 6, 3, 4, 2),
(2112382, 238, 3, 3, 2, 3),
(2112383, 239, 2, 6, 5, 4),
(2112384, 240, 6, 4, 6, 5),
(2112385, 241, 2, 7, 7, 5),
(2112386, 242, 6, 6, 5, 7),
(2112387, 243, 5, 1, 6, 2),
(2112388, 244, 6, 1, 2, 1),
(2112389, 245, 2, 2, 3, 4),
(2112390, 246, 3, 3, 4, 3),
(2112391, 247, 6, 6, 5, 7),
(2112392, 248, 2, 2, 6, 2),
(2112393, 249, 7, 1, 2, 1),
(2112394, 250, 7, 2, 5, 1),
(2112395, 251, 5, 2, 3, 1),
(2112396, 252, 3, 3, 4, 3),
(2112397, 253, 2, 2, 3, 4),
(2112398, 254, 2, 1, 2, 3),
(2112399, 255, 3, 2, 1, 1),
(2112400, 256, 5, 2, 1, 1),
(2112401, 257, 3, 3, 1, 2),
(2112402, 258, 5, 1, 6, 2),
(2112403, 259, 6, 1, 2, 4),
(2112404, 260, 4, 5, 2, 1),
(2112405, 261, 2, 5, 1, 1),
(2112406, 262, 1, 1, 4, 1),
(2112407, 263, 3, 4, 3, 1),
(2112408, 264, 1, 1, 1, 1),
(2112409, 265, 1, 1, 2, 2),
(2112410, 266, 3, 2, 4, 2),
(2112411, 267, 5, 3, 4, 2),
(2112412, 268, 5, 2, 3, 3),
(2112413, 269, 6, 1, 2, 1),
(2112414, 270, 2, 3, 2, 3),
(2112415, 271, 1, 3, 2, 2),
(2112416, 272, 4, 2, 3, 2),
(2112417, 273, 1, 2, 1, 2),
(2112418, 274, 3, 4, 5, 2),
(2112419, 275, 4, 4, 2, 5),
(2112420, 276, 6, 3, 4, 2),
(2112421, 277, 3, 3, 2, 3),
(2112422, 278, 2, 6, 5, 4),
(2112423, 279, 6, 1, 2, 1),
(2112424, 280, 2, 2, 3, 4),
(2112425, 281, 2, 7, 7, 5),
(2112426, 282, 4, 4, 2, 5),
(2112427, 283, 6, 3, 4, 2),
(2112428, 284, 3, 3, 2, 3),
(2112429, 285, 2, 6, 5, 4),
(2112430, 286, 6, 3, 4, 2),
(2112431, 287, 3, 3, 2, 3),
(2112432, 288, 2, 6, 5, 4),
(2112433, 289, 6, 1, 2, 1),
(2112434, 290, 2, 7, 7, 5),
(2112435, 291, 3, 3, 4, 3),
(2112436, 292, 4, 4, 2, 5),
(2112437, 293, 6, 3, 4, 2),
(2112438, 294, 6, 3, 4, 2),
(2112439, 295, 3, 3, 2, 3),
(2112440, 296, 2, 6, 5, 4),
(2112441, 297, 4, 4, 2, 5),
(2112442, 298, 6, 3, 4, 2),
(2112443, 299, 6, 4, 5, 3),
(2112444, 300, 6, 3, 1, 4),
(2112445, 301, 6, 4, 6, 5),
(2112446, 302, 2, 2, 6, 2),
(2112447, 303, 7, 1, 7, 6),
(2112448, 304, 4, 6, 7, 2),
(2112449, 305, 6, 4, 2, 3),
(2112450, 306, 6, 2, 3, 1),
(2112451, 307, 7, 6, 7, 5),
(2112452, 308, 7, 7, 6, 2),
(2112453, 309, 6, 4, 5, 3),
(2112454, 310, 6, 3, 1, 4),
(2112455, 311, 4, 6, 7, 2),
(2112456, 312, 6, 4, 2, 3),
(2112457, 313, 7, 1, 2, 1),
(2112458, 314, 4, 6, 7, 2),
(2112459, 315, 6, 4, 2, 3),
(2112460, 316, 6, 2, 3, 1),
(2112461, 317, 7, 6, 7, 5),
(2112462, 318, 7, 7, 6, 2),
(2112463, 319, 6, 4, 5, 3),
(2112464, 320, 6, 3, 1, 4),
(2112465, 321, 4, 6, 7, 2),
(2112466, 322, 6, 4, 2, 3),
(2112467, 323, 4, 6, 7, 2),
(2112468, 324, 5, 2, 4, 1),
(2112469, 325, 7, 2, 5, 1),
(2112470, 326, 6, 4, 2, 3),
(2112471, 327, 7, 6, 7, 5),
(2112472, 328, 4, 6, 7, 2),
(2112473, 329, 2, 2, 3, 4),
(2112474, 330, 3, 3, 4, 3),
(2112475, 331, 5, 2, 4, 1),
(2112476, 332, 3, 2, 1, 5),
(2112477, 333, 6, 4, 5, 3),
(2112478, 334, 6, 3, 1, 4),
(2112479, 335, 4, 7, 5, 6),
(2112480, 336, 5, 2, 3, 1),
(2112481, 337, 2, 2, 6, 2),
(2112482, 338, 5, 1, 6, 2),
(2112483, 339, 2, 1, 7, 2),
(2112484, 340, 7, 6, 7, 5),
(2112485, 341, 7, 7, 6, 2),
(2112486, 342, 5, 2, 1, 6),
(2112487, 343, 7, 1, 7, 6),
(2112488, 344, 4, 6, 7, 2),
(2112489, 345, 6, 4, 2, 3),
(2112490, 346, 6, 2, 3, 1),
(2112491, 347, 3, 3, 4, 3),
(2112492, 348, 6, 3, 4, 2),
(2112493, 349, 3, 3, 2, 3),
(2112494, 350, 2, 6, 5, 4),
(2112495, 351, 6, 4, 6, 5),
(2112496, 352, 2, 7, 7, 5),
(2112497, 353, 6, 6, 5, 7),
(2112498, 354, 5, 1, 6, 2),
(2112499, 355, 6, 1, 2, 1),
(2112500, 356, 2, 2, 3, 4),
(2112501, 357, 3, 3, 4, 3),
(2112502, 358, 2, 2, 3, 4),
(2112503, 359, 2, 2, 6, 2),
(2112504, 360, 7, 1, 2, 1),
(2112505, 361, 7, 2, 5, 1),
(2112506, 362, 5, 2, 3, 1),
(2112507, 363, 3, 3, 4, 3),
(2112508, 364, 2, 2, 3, 4),
(2112509, 365, 2, 1, 2, 3),
(2112510, 366, 3, 2, 1, 1),
(2112511, 367, 5, 2, 1, 1),
(2112512, 368, 3, 3, 1, 2),
(2112513, 369, 2, 1, 2, 3),
(2112514, 370, 6, 1, 2, 4),
(2112515, 371, 4, 5, 2, 1),
(2112516, 372, 2, 5, 1, 1),
(2112517, 373, 1, 1, 4, 1),
(2112518, 374, 3, 4, 3, 1),
(2112519, 375, 1, 1, 1, 1),
(2112520, 376, 1, 1, 2, 2),
(2112521, 377, 3, 2, 4, 2),
(2112522, 378, 5, 3, 4, 2),
(2112523, 379, 5, 2, 3, 3),
(2112524, 380, 3, 2, 1, 1),
(2112525, 381, 2, 3, 2, 3),
(2112526, 382, 1, 3, 2, 2),
(2112527, 383, 4, 2, 3, 2),
(2112528, 384, 1, 2, 1, 2),
(2112529, 385, 3, 4, 5, 2),
(2112530, 386, 4, 4, 2, 5),
(2112531, 387, 6, 3, 4, 2),
(2112532, 388, 3, 3, 2, 3),
(2112533, 389, 2, 6, 5, 4),
(2112534, 390, 6, 1, 2, 1),
(2112535, 391, 5, 2, 1, 1),
(2112536, 392, 2, 7, 7, 5),
(2112537, 393, 4, 4, 2, 5),
(2112538, 394, 6, 3, 4, 2),
(2112539, 395, 3, 3, 2, 3),
(2112540, 396, 2, 6, 5, 4),
(2112541, 397, 6, 3, 4, 2),
(2112542, 398, 3, 3, 2, 3),
(2112543, 399, 2, 6, 5, 4),
(2112544, 400, 6, 1, 2, 1),
(2112545, 401, 2, 7, 7, 5),
(2112546, 402, 3, 3, 1, 2),
(2112547, 403, 4, 4, 2, 5),
(2112548, 404, 6, 3, 4, 2),
(2112549, 405, 6, 3, 4, 2),
(2112550, 406, 3, 3, 2, 3),
(2112551, 407, 2, 6, 5, 4),
(2112552, 408, 4, 4, 2, 5),
(2112553, 409, 6, 3, 4, 2),
(2112554, 410, 6, 4, 5, 3),
(2112555, 411, 6, 3, 1, 4),
(2112556, 412, 6, 4, 6, 5),
(2112557, 413, 6, 1, 2, 4),
(2112558, 414, 7, 1, 7, 6),
(2112559, 415, 4, 6, 7, 2),
(2112560, 416, 6, 4, 2, 3),
(2112561, 417, 6, 2, 3, 1),
(2112562, 418, 7, 6, 7, 5),
(2112563, 419, 7, 7, 6, 2),
(2112564, 420, 6, 4, 5, 3),
(2112565, 421, 6, 3, 1, 4),
(2112566, 422, 4, 6, 7, 2),
(2112567, 423, 6, 4, 2, 3),
(2112568, 424, 4, 5, 2, 1),
(2112569, 425, 4, 6, 7, 2),
(2112570, 426, 6, 4, 2, 3),
(2112571, 427, 6, 2, 3, 1),
(2112572, 428, 7, 6, 7, 5),
(2112573, 429, 7, 7, 6, 2),
(2112574, 430, 6, 4, 5, 3),
(2112575, 431, 6, 3, 1, 4),
(2112576, 432, 4, 6, 7, 2),
(2112577, 433, 6, 4, 2, 3),
(2112578, 434, 4, 6, 7, 2),
(2112579, 435, 3, 2, 1, 5),
(2112580, 436, 2, 5, 1, 1),
(2112581, 437, 6, 4, 2, 3),
(2112582, 438, 7, 6, 7, 5),
(2112583, 439, 4, 6, 7, 2),
(2112584, 440, 2, 2, 3, 4),
(2112585, 441, 3, 3, 4, 3),
(2112586, 442, 5, 2, 4, 1),
(2112587, 443, 3, 2, 1, 5),
(2112588, 444, 6, 4, 5, 3),
(2112589, 445, 6, 3, 1, 4),
(2112590, 446, 4, 7, 5, 6),
(2112591, 447, 1, 1, 4, 1),
(2112592, 448, 2, 2, 6, 2),
(2112593, 449, 5, 1, 6, 2),
(2112594, 450, 2, 1, 7, 2),
(2112595, 451, 7, 6, 7, 5),
(2112596, 452, 7, 7, 6, 2),
(2112597, 453, 5, 2, 1, 6),
(2112598, 454, 7, 1, 7, 6),
(2112599, 455, 4, 6, 7, 2),
(2112600, 456, 6, 4, 2, 3),
(2112601, 457, 6, 2, 3, 1),
(2112602, 458, 3, 4, 3, 1),
(2112603, 459, 6, 3, 4, 2),
(2112604, 460, 3, 3, 2, 3),
(2112605, 461, 2, 6, 5, 4),
(2112606, 462, 6, 4, 6, 5),
(2112607, 463, 2, 7, 7, 5),
(2112608, 464, 6, 6, 5, 7),
(2112609, 465, 5, 1, 6, 2),
(2112610, 466, 6, 1, 2, 1),
(2112611, 467, 2, 2, 3, 4),
(2112612, 468, 3, 3, 4, 3),
(2112613, 469, 1, 1, 1, 1),
(2112614, 470, 2, 2, 6, 2),
(2112615, 471, 7, 1, 2, 1),
(2112616, 472, 7, 2, 5, 1),
(2112617, 473, 5, 2, 3, 1),
(2112618, 474, 3, 3, 4, 3),
(2112619, 475, 2, 2, 3, 4),
(2112620, 476, 2, 1, 2, 3),
(2112621, 477, 3, 2, 1, 1),
(2112622, 478, 5, 2, 1, 1),
(2112623, 479, 3, 3, 1, 2),
(2112624, 480, 1, 1, 2, 2),
(2112625, 481, 6, 1, 2, 4),
(2112626, 482, 4, 5, 2, 1),
(2112627, 483, 2, 5, 1, 1),
(2112628, 484, 1, 1, 4, 1),
(2112629, 485, 3, 4, 3, 1),
(2112630, 486, 1, 1, 1, 1),
(2112631, 487, 1, 1, 2, 2),
(2112632, 488, 3, 2, 4, 2),
(2112633, 489, 5, 3, 4, 2),
(2112634, 490, 5, 2, 3, 3),
(2112635, 491, 3, 2, 4, 2),
(2112636, 492, 2, 3, 2, 3),
(2112637, 493, 1, 3, 2, 2),
(2112638, 494, 4, 2, 3, 2),
(2112639, 495, 1, 2, 1, 2),
(2112640, 496, 3, 4, 5, 2),
(2112641, 497, 4, 4, 2, 5),
(2112642, 498, 6, 3, 4, 2),
(2112643, 499, 3, 3, 2, 3),
(2112644, 500, 2, 6, 5, 4),
(2112645, 501, 6, 1, 2, 1),
(2112646, 502, 5, 3, 4, 2),
(2112647, 503, 2, 7, 7, 5),
(2112648, 504, 4, 4, 2, 5),
(2112649, 505, 6, 3, 4, 2),
(2112650, 506, 3, 3, 2, 3),
(2112651, 507, 2, 6, 5, 4),
(2112652, 508, 6, 3, 4, 2),
(2112653, 509, 3, 3, 2, 3),
(2112654, 510, 2, 6, 5, 4),
(2112655, 511, 6, 1, 2, 1),
(2112656, 512, 2, 7, 7, 5),
(2112657, 513, 5, 2, 3, 3),
(2112658, 514, 4, 4, 2, 5),
(2112659, 515, 6, 3, 4, 2),
(2112660, 516, 6, 3, 4, 2),
(2112661, 517, 3, 3, 2, 3),
(2112662, 518, 2, 6, 5, 4),
(2112663, 519, 4, 4, 2, 5),
(2112664, 520, 6, 3, 4, 2),
(2112665, 521, 6, 4, 5, 3),
(2112666, 522, 6, 3, 1, 4),
(2112667, 523, 6, 4, 6, 5),
(2112668, 524, 2, 3, 2, 3),
(2112669, 525, 7, 1, 7, 6),
(2112670, 526, 4, 6, 7, 2),
(2112671, 527, 6, 4, 2, 3),
(2112672, 528, 6, 2, 3, 1),
(2112673, 529, 7, 6, 7, 5),
(2112674, 530, 7, 7, 6, 2),
(2112675, 531, 6, 4, 5, 3),
(2112676, 532, 6, 3, 1, 4),
(2112677, 533, 4, 6, 7, 2),
(2112678, 534, 6, 4, 2, 3),
(2112679, 535, 1, 3, 2, 2),
(2112680, 536, 4, 6, 7, 2),
(2112681, 537, 6, 4, 2, 3),
(2112682, 538, 6, 2, 3, 1),
(2112683, 539, 7, 6, 7, 5),
(2112684, 540, 7, 7, 6, 2),
(2112685, 541, 6, 4, 5, 3),
(2112686, 542, 6, 3, 1, 4),
(2112687, 543, 4, 6, 7, 2),
(2112688, 544, 6, 4, 2, 3),
(2112689, 545, 4, 6, 7, 2),
(2112690, 546, 6, 4, 5, 3),
(2112691, 547, 4, 2, 3, 2),
(2112692, 548, 6, 4, 2, 3),
(2112693, 549, 7, 6, 7, 5),
(2112694, 550, 4, 6, 7, 2),
(2112695, 551, 2, 2, 3, 4),
(2112696, 552, 3, 3, 4, 3),
(2112697, 553, 5, 2, 4, 1),
(2112698, 554, 3, 2, 1, 5),
(2112699, 555, 6, 4, 5, 3),
(2112700, 556, 6, 3, 1, 4),
(2112701, 557, 4, 7, 5, 6),
(2112702, 558, 1, 2, 1, 2),
(2112703, 559, 2, 2, 6, 2),
(2112704, 560, 5, 1, 6, 2),
(2112705, 561, 2, 1, 7, 2),
(2112706, 562, 7, 6, 7, 5),
(2112707, 563, 7, 7, 6, 2),
(2112708, 564, 5, 2, 1, 6),
(2112709, 565, 7, 1, 7, 6),
(2112710, 566, 4, 6, 7, 2),
(2112711, 567, 6, 4, 2, 3),
(2112712, 568, 6, 2, 3, 1),
(2112713, 569, 3, 4, 5, 2),
(2112714, 570, 6, 3, 4, 2),
(2112715, 571, 3, 3, 2, 3),
(2112716, 572, 2, 6, 5, 4),
(2112717, 573, 6, 4, 6, 5),
(2112718, 574, 2, 7, 7, 5),
(2112719, 575, 6, 6, 5, 7),
(2112720, 576, 5, 1, 6, 2),
(2112721, 577, 6, 1, 2, 1),
(2112722, 578, 2, 2, 3, 4),
(2112723, 579, 3, 3, 4, 3),
(2112724, 580, 4, 4, 2, 5),
(2112725, 581, 2, 2, 6, 2),
(2112726, 582, 7, 1, 2, 1),
(2112727, 583, 7, 2, 5, 1),
(2112728, 584, 5, 2, 3, 1),
(2112729, 585, 3, 3, 4, 3),
(2112730, 586, 2, 2, 3, 4),
(2112731, 587, 2, 1, 2, 3),
(2112732, 588, 3, 2, 1, 1),
(2112733, 589, 5, 2, 1, 1),
(2112734, 590, 3, 3, 1, 2),
(2112735, 591, 6, 3, 4, 2),
(2112736, 592, 6, 1, 2, 4),
(2112737, 593, 4, 5, 2, 1),
(2112738, 594, 2, 5, 1, 1),
(2112739, 595, 1, 1, 4, 1),
(2112740, 596, 3, 4, 3, 1),
(2112741, 597, 1, 1, 1, 1),
(2112742, 598, 1, 1, 2, 2),
(2112743, 599, 3, 2, 4, 2),
(2112744, 600, 5, 3, 4, 2),
(2112745, 601, 5, 2, 3, 3),
(2112746, 602, 3, 3, 2, 3),
(2112747, 603, 2, 3, 2, 3),
(2112748, 604, 1, 3, 2, 2),
(2112749, 605, 4, 2, 3, 2),
(2112750, 606, 1, 2, 1, 2),
(2112751, 607, 3, 4, 5, 2),
(2112752, 608, 4, 4, 2, 5),
(2112753, 609, 6, 3, 4, 2),
(2112754, 610, 3, 3, 2, 3),
(2112755, 611, 2, 6, 5, 4),
(2112756, 612, 6, 1, 2, 1),
(2112757, 613, 2, 6, 5, 4),
(2112758, 614, 2, 7, 7, 5),
(2112759, 615, 4, 4, 2, 5),
(2112760, 616, 6, 3, 4, 2),
(2112761, 617, 3, 3, 2, 3),
(2112762, 618, 2, 6, 5, 4),
(2112763, 619, 6, 3, 4, 2),
(2112764, 620, 3, 3, 2, 3),
(2112765, 621, 2, 6, 5, 4),
(2112766, 622, 6, 1, 2, 1),
(2112767, 623, 2, 7, 7, 5),
(2112768, 624, 6, 1, 2, 1),
(2112769, 625, 4, 4, 2, 5),
(2112770, 626, 6, 3, 4, 2),
(2112771, 627, 6, 3, 4, 2),
(2112772, 628, 3, 3, 2, 3),
(2112773, 629, 2, 6, 5, 4),
(2112774, 630, 4, 4, 2, 5),
(2112775, 631, 6, 3, 4, 2),
(2112776, 632, 6, 4, 5, 3),
(2112777, 633, 6, 3, 1, 4),
(2112778, 634, 6, 4, 6, 5),
(2112779, 635, 2, 7, 7, 5),
(2112780, 636, 7, 1, 7, 6),
(2112781, 637, 4, 6, 7, 2),
(2112782, 638, 6, 4, 2, 3),
(2112783, 639, 6, 2, 3, 1),
(2112784, 640, 7, 6, 7, 5),
(2112785, 641, 7, 7, 6, 2),
(2112786, 642, 6, 4, 5, 3),
(2112787, 643, 6, 3, 1, 4),
(2112788, 644, 4, 6, 7, 2),
(2112789, 645, 6, 4, 2, 3),
(2112790, 646, 4, 4, 2, 5),
(2112791, 647, 4, 6, 7, 2),
(2112792, 648, 6, 4, 2, 3),
(2112793, 649, 6, 2, 3, 1),
(2112794, 650, 7, 6, 7, 5),
(2112795, 651, 7, 7, 6, 2),
(2112796, 652, 6, 4, 5, 3),
(2112797, 653, 6, 3, 1, 4),
(2112798, 654, 4, 6, 7, 2),
(2112799, 655, 6, 4, 2, 3),
(2112800, 656, 4, 6, 7, 2),
(2112801, 657, 6, 3, 1, 4),
(2112802, 658, 6, 3, 4, 2),
(2112803, 659, 6, 4, 2, 3),
(2112804, 660, 7, 6, 7, 5),
(2112805, 661, 4, 6, 7, 2),
(2112806, 662, 2, 2, 3, 4),
(2112807, 663, 3, 3, 4, 3),
(2112808, 664, 5, 2, 4, 1),
(2112809, 665, 3, 2, 1, 5),
(2112810, 666, 6, 4, 5, 3),
(2112811, 667, 6, 3, 1, 4),
(2112812, 668, 4, 7, 5, 6),
(2112813, 669, 3, 3, 2, 3),
(2112814, 670, 2, 2, 6, 2),
(2112815, 671, 5, 1, 6, 2),
(2112816, 672, 2, 1, 7, 2),
(2112817, 673, 7, 6, 7, 5),
(2112818, 674, 7, 7, 6, 2),
(2112819, 675, 5, 2, 1, 6),
(2112820, 676, 7, 1, 7, 6),
(2112821, 677, 4, 6, 7, 2),
(2112822, 678, 6, 4, 2, 3),
(2112823, 679, 6, 2, 3, 1),
(2112824, 680, 2, 6, 5, 4),
(2112825, 681, 6, 3, 4, 2),
(2112826, 682, 3, 3, 2, 3),
(2112827, 683, 2, 6, 5, 4),
(2112828, 684, 6, 4, 6, 5),
(2112829, 685, 2, 7, 7, 5),
(2112830, 686, 6, 6, 5, 7),
(2112831, 687, 5, 1, 6, 2),
(2112832, 688, 6, 1, 2, 1),
(2112833, 689, 2, 2, 3, 4),
(2112834, 690, 3, 3, 4, 3),
(2112835, 691, 6, 3, 4, 2),
(2112836, 692, 2, 2, 6, 2),
(2112837, 693, 7, 1, 2, 1),
(2112838, 694, 7, 2, 5, 1),
(2112839, 695, 5, 2, 3, 1),
(2112840, 696, 3, 3, 4, 3),
(2112841, 697, 2, 2, 3, 4),
(2112842, 698, 2, 1, 2, 3),
(2112843, 699, 3, 2, 1, 1),
(2112844, 700, 5, 2, 1, 1),
(2112845, 701, 3, 3, 1, 2),
(2112846, 702, 3, 3, 2, 3),
(2112847, 703, 6, 1, 2, 4),
(2112848, 704, 4, 5, 2, 1),
(2112849, 705, 2, 5, 1, 1),
(2112850, 706, 1, 1, 4, 1),
(2112851, 707, 3, 4, 3, 1),
(2112852, 708, 1, 1, 1, 1),
(2112853, 709, 1, 1, 2, 2),
(2112854, 710, 3, 2, 4, 2),
(2112855, 711, 5, 3, 4, 2),
(2112856, 712, 5, 2, 3, 3),
(2112857, 713, 2, 6, 5, 4),
(2112858, 714, 2, 3, 2, 3),
(2112859, 715, 1, 3, 2, 2),
(2112860, 716, 4, 2, 3, 2),
(2112861, 717, 1, 2, 1, 2),
(2112862, 718, 3, 4, 5, 2),
(2112863, 719, 4, 4, 2, 5),
(2112864, 720, 6, 3, 4, 2),
(2112865, 721, 3, 3, 2, 3),
(2112866, 722, 2, 6, 5, 4),
(2112867, 723, 6, 1, 2, 1),
(2112868, 724, 6, 1, 2, 1),
(2112869, 725, 2, 7, 7, 5),
(2112870, 726, 4, 4, 2, 5),
(2112871, 727, 6, 3, 4, 2),
(2112872, 728, 3, 3, 2, 3),
(2112873, 729, 2, 6, 5, 4),
(2112874, 730, 6, 3, 4, 2),
(2112875, 731, 3, 3, 2, 3),
(2112876, 732, 2, 6, 5, 4),
(2112877, 733, 6, 1, 2, 1),
(2112878, 734, 2, 7, 7, 5),
(2112879, 735, 2, 7, 7, 5),
(2112880, 736, 4, 4, 2, 5),
(2112881, 737, 6, 3, 4, 2),
(2112882, 738, 6, 3, 4, 2),
(2112883, 739, 3, 3, 2, 3),
(2112884, 740, 2, 6, 5, 4),
(2112885, 741, 4, 4, 2, 5),
(2112886, 742, 6, 3, 4, 2),
(2112887, 743, 6, 4, 5, 3),
(2112888, 744, 6, 3, 1, 4),
(2112889, 745, 6, 4, 6, 5),
(2112890, 746, 4, 4, 2, 5),
(2112891, 747, 7, 1, 7, 6),
(2112892, 748, 4, 6, 7, 2),
(2112893, 749, 6, 4, 2, 3),
(2112894, 750, 6, 2, 3, 1),
(2112895, 751, 7, 6, 7, 5),
(2112896, 752, 7, 7, 6, 2),
(2112897, 753, 6, 4, 5, 3),
(2112898, 754, 6, 3, 1, 4),
(2112899, 755, 4, 6, 7, 2),
(2112900, 756, 6, 4, 2, 3),
(2112901, 757, 6, 3, 4, 2),
(2112902, 758, 4, 6, 7, 2),
(2112903, 759, 6, 4, 2, 3),
(2112904, 760, 6, 2, 3, 1),
(2112905, 761, 7, 6, 7, 5),
(2112906, 762, 7, 7, 6, 2),
(2112907, 763, 6, 4, 5, 3),
(2112908, 764, 6, 3, 1, 4),
(2112909, 765, 4, 6, 7, 2),
(2112910, 766, 6, 4, 2, 3),
(2112911, 767, 4, 6, 7, 2),
(2112912, 768, 4, 7, 5, 6),
(2112913, 769, 6, 3, 4, 2),
(2112914, 770, 6, 4, 2, 3),
(2112915, 771, 7, 6, 7, 5),
(2112916, 772, 4, 6, 7, 2),
(2112917, 773, 2, 2, 3, 4),
(2112918, 774, 3, 3, 4, 3),
(2112919, 775, 5, 2, 4, 1),
(2112920, 776, 3, 2, 1, 5),
(2112921, 777, 6, 4, 5, 3),
(2112922, 778, 6, 3, 1, 4),
(2112923, 779, 4, 7, 5, 6),
(2112924, 780, 3, 3, 2, 3),
(2112925, 781, 2, 2, 6, 2),
(2112926, 782, 5, 1, 6, 2),
(2112927, 783, 2, 1, 7, 2),
(2112928, 784, 7, 6, 7, 5),
(2112929, 785, 7, 7, 6, 2),
(2112930, 786, 5, 2, 1, 6),
(2112931, 787, 7, 1, 7, 6),
(2112932, 788, 4, 6, 7, 2),
(2112933, 789, 6, 4, 2, 3),
(2112934, 790, 6, 2, 3, 1),
(2112935, 791, 2, 6, 5, 4),
(2112936, 792, 6, 3, 4, 2),
(2112937, 793, 3, 3, 2, 3),
(2112938, 794, 2, 6, 5, 4),
(2112939, 795, 6, 4, 6, 5),
(2112940, 796, 2, 7, 7, 5),
(2112941, 797, 6, 6, 5, 7),
(2112942, 798, 5, 1, 6, 2),
(2112943, 799, 6, 1, 2, 1),
(2112944, 800, 2, 2, 3, 4),
(2112945, 801, 3, 3, 4, 3),
(2112946, 802, 4, 4, 2, 5),
(2112947, 803, 2, 2, 6, 2),
(2112948, 804, 7, 1, 2, 1),
(2112949, 805, 7, 2, 5, 1),
(2112950, 806, 5, 2, 3, 1),
(2112951, 807, 3, 3, 4, 3),
(2112952, 808, 2, 2, 3, 4),
(2112953, 809, 2, 1, 2, 3),
(2112954, 810, 3, 2, 1, 1),
(2112955, 811, 5, 2, 1, 1),
(2112956, 812, 3, 3, 1, 2),
(2112957, 813, 6, 3, 4, 2),
(2112958, 814, 6, 1, 2, 4),
(2112959, 815, 4, 5, 2, 1),
(2112960, 816, 2, 5, 1, 1),
(2112961, 817, 1, 1, 4, 1),
(2112962, 818, 3, 4, 3, 1),
(2112963, 819, 1, 1, 1, 1),
(2112964, 820, 1, 1, 2, 2),
(2112965, 821, 3, 2, 4, 2),
(2112966, 822, 5, 3, 4, 2),
(2112967, 823, 5, 2, 3, 3),
(2112968, 824, 6, 4, 5, 3),
(2112969, 825, 2, 3, 2, 3),
(2112970, 826, 1, 3, 2, 2),
(2112971, 827, 4, 2, 3, 2),
(2112972, 828, 1, 2, 1, 2),
(2112973, 829, 3, 4, 5, 2),
(2112974, 830, 4, 4, 2, 5),
(2112975, 831, 6, 3, 4, 2),
(2112976, 832, 3, 3, 2, 3),
(2112977, 833, 2, 6, 5, 4),
(2112978, 834, 6, 1, 2, 1),
(2112979, 835, 6, 3, 1, 4),
(2112980, 836, 2, 7, 7, 5),
(2112981, 837, 4, 4, 2, 5),
(2112982, 838, 6, 3, 4, 2),
(2112983, 839, 3, 3, 2, 3),
(2112984, 840, 2, 6, 5, 4),
(2112985, 841, 6, 3, 4, 2),
(2112986, 842, 3, 3, 2, 3),
(2112987, 843, 2, 6, 5, 4),
(2112988, 844, 6, 1, 2, 1),
(2112989, 845, 2, 7, 7, 5),
(2112990, 846, 6, 4, 6, 5),
(2112991, 847, 4, 4, 2, 5),
(2112992, 848, 6, 3, 4, 2),
(2112993, 849, 6, 3, 4, 2),
(2112994, 850, 3, 3, 2, 3),
(2112995, 851, 2, 6, 5, 4),
(2112996, 852, 4, 4, 2, 5),
(2112997, 853, 6, 3, 4, 2),
(2112998, 854, 6, 4, 5, 3),
(2112999, 855, 6, 3, 1, 4),
(2113000, 856, 6, 4, 6, 5),
(2113001, 857, 7, 1, 7, 6),
(2113002, 858, 7, 1, 7, 6),
(2113003, 859, 4, 6, 7, 2),
(2113004, 860, 6, 4, 2, 3),
(2113005, 861, 6, 2, 3, 1),
(2113006, 862, 7, 6, 7, 5),
(2113007, 863, 7, 7, 6, 2),
(2113008, 864, 6, 4, 5, 3),
(2113009, 865, 6, 3, 1, 4),
(2113010, 866, 4, 6, 7, 2),
(2113011, 867, 6, 4, 2, 3),
(2113012, 868, 4, 6, 7, 2),
(2113013, 869, 4, 6, 7, 2),
(2113014, 870, 6, 4, 2, 3),
(2113015, 871, 6, 2, 3, 1),
(2113016, 872, 7, 6, 7, 5),
(2113017, 873, 7, 7, 6, 2),
(2113018, 874, 6, 4, 5, 3),
(2113019, 875, 6, 3, 1, 4),
(2113020, 876, 4, 6, 7, 2),
(2113021, 877, 6, 4, 2, 3),
(2113022, 878, 4, 6, 7, 2),
(2113023, 879, 2, 2, 6, 2),
(2113024, 880, 6, 4, 2, 3),
(2113025, 881, 6, 4, 2, 3),
(2113026, 882, 7, 6, 7, 5),
(2113027, 883, 4, 6, 7, 2),
(2113028, 884, 2, 2, 3, 4),
(2113029, 885, 3, 3, 4, 3),
(2113030, 886, 5, 2, 4, 1),
(2113031, 887, 3, 2, 1, 5),
(2113032, 888, 6, 4, 5, 3),
(2113033, 889, 6, 3, 1, 4),
(2113034, 890, 4, 7, 5, 6),
(2113035, 891, 6, 2, 3, 1),
(2113036, 892, 2, 2, 6, 2),
(2113037, 893, 5, 1, 6, 2),
(2113038, 894, 2, 1, 7, 2),
(2113039, 895, 7, 6, 7, 5),
(2113040, 896, 7, 7, 6, 2),
(2113041, 897, 5, 2, 1, 6),
(2113042, 898, 7, 1, 7, 6),
(2113043, 899, 4, 6, 7, 2),
(2113044, 900, 6, 4, 2, 3),
(2113045, 901, 6, 2, 3, 1),
(2113046, 902, 7, 6, 7, 5),
(2113047, 903, 6, 3, 4, 2),
(2113048, 904, 3, 3, 2, 3),
(2113049, 905, 2, 6, 5, 4),
(2113050, 906, 6, 4, 6, 5),
(2113051, 907, 2, 7, 7, 5),
(2113052, 908, 6, 6, 5, 7),
(2113053, 909, 5, 1, 6, 2),
(2113054, 910, 6, 1, 2, 1),
(2113055, 911, 2, 2, 3, 4),
(2113056, 912, 3, 3, 4, 3),
(2113057, 913, 7, 7, 6, 2),
(2113058, 914, 2, 2, 6, 2),
(2113059, 915, 7, 1, 2, 1),
(2113060, 916, 7, 2, 5, 1),
(2113061, 917, 5, 2, 3, 1),
(2113062, 918, 3, 3, 4, 3),
(2113063, 919, 2, 2, 3, 4),
(2113064, 920, 2, 1, 2, 3),
(2113065, 921, 3, 2, 1, 1),
(2113066, 922, 5, 2, 1, 1),
(2113067, 923, 3, 3, 1, 2),
(2113068, 924, 6, 4, 5, 3),
(2113069, 925, 6, 1, 2, 4),
(2113070, 926, 4, 5, 2, 1),
(2113071, 927, 2, 5, 1, 1),
(2113072, 928, 1, 1, 4, 1),
(2113073, 929, 3, 4, 3, 1),
(2113074, 930, 1, 1, 1, 1),
(2113075, 931, 1, 1, 2, 2),
(2113076, 932, 3, 2, 4, 2),
(2113077, 933, 5, 3, 4, 2),
(2113078, 934, 5, 2, 3, 3),
(2113079, 935, 6, 3, 1, 4),
(2113080, 936, 2, 3, 2, 3),
(2113081, 937, 1, 3, 2, 2),
(2113082, 938, 4, 2, 3, 2),
(2113083, 939, 1, 2, 1, 2),
(2113084, 940, 3, 4, 5, 2),
(2113085, 941, 4, 4, 2, 5),
(2113086, 942, 6, 3, 4, 2),
(2113087, 943, 3, 3, 2, 3),
(2113088, 944, 2, 6, 5, 4),
(2113089, 945, 6, 1, 2, 1),
(2113090, 946, 4, 6, 7, 2),
(2113091, 947, 2, 7, 7, 5),
(2113092, 948, 4, 4, 2, 5),
(2113093, 949, 6, 3, 4, 2),
(2113094, 950, 3, 3, 2, 3),
(2113095, 951, 2, 6, 5, 4),
(2113096, 952, 6, 3, 4, 2),
(2113097, 953, 3, 3, 2, 3),
(2113098, 954, 2, 6, 5, 4),
(2113099, 955, 6, 1, 2, 1),
(2113100, 956, 2, 7, 7, 5),
(2113101, 957, 6, 4, 2, 3),
(2113102, 958, 4, 4, 2, 5),
(2113103, 959, 6, 3, 4, 2),
(2113104, 960, 6, 3, 4, 2),
(2113105, 961, 3, 3, 2, 3),
(2113106, 962, 2, 6, 5, 4),
(2113107, 963, 4, 4, 2, 5),
(2113108, 964, 6, 3, 4, 2),
(2113109, 965, 6, 4, 5, 3),
(2113110, 966, 6, 3, 1, 4),
(2113111, 967, 6, 4, 6, 5),
(2113112, 968, 4, 6, 7, 2),
(2113113, 969, 7, 1, 7, 6),
(2113114, 970, 4, 6, 7, 2),
(2113115, 971, 6, 4, 2, 3),
(2113116, 972, 6, 2, 3, 1),
(2113117, 973, 7, 6, 7, 5),
(2113118, 974, 7, 7, 6, 2),
(2113119, 975, 6, 4, 5, 3),
(2113120, 976, 6, 3, 1, 4),
(2113121, 977, 4, 6, 7, 2),
(2113122, 978, 6, 4, 2, 3),
(2113123, 979, 6, 4, 2, 3),
(2113124, 980, 4, 6, 7, 2),
(2113125, 981, 6, 4, 2, 3),
(2113126, 982, 6, 2, 3, 1),
(2113127, 983, 7, 6, 7, 5),
(2113128, 984, 7, 7, 6, 2),
(2113129, 985, 6, 4, 5, 3),
(2113130, 986, 6, 3, 1, 4),
(2113131, 987, 4, 6, 7, 2),
(2113132, 988, 6, 4, 2, 3),
(2113133, 989, 4, 6, 7, 2),
(2113134, 990, 5, 1, 6, 2),
(2113135, 991, 6, 2, 3, 1),
(2113136, 992, 6, 4, 2, 3),
(2113137, 993, 7, 6, 7, 5),
(2113138, 994, 4, 6, 7, 2),
(2113139, 995, 2, 2, 3, 4),
(2113140, 996, 3, 3, 4, 3),
(2113141, 997, 5, 2, 4, 1),
(2113142, 998, 3, 2, 1, 5),
(2113143, 999, 6, 4, 5, 3),
(2113144, 1000, 6, 3, 1, 4),
(2113145, 1001, 4, 7, 5, 6),
(2113146, 1002, 7, 6, 7, 5),
(2113147, 1003, 2, 2, 6, 2),
(2113148, 1004, 5, 1, 6, 2),
(2113149, 1005, 2, 1, 7, 2),
(2113150, 1006, 7, 6, 7, 5),
(2113151, 1007, 7, 7, 6, 2),
(2113152, 1008, 5, 2, 1, 6),
(2113153, 1009, 7, 1, 7, 6),
(2113154, 1010, 4, 6, 7, 2),
(2113155, 1011, 6, 4, 2, 3),
(2113156, 1012, 6, 2, 3, 1),
(2113157, 1013, 7, 7, 6, 2),
(2113158, 1014, 6, 3, 4, 2),
(2113159, 1015, 3, 3, 2, 3),
(2113160, 1016, 2, 6, 5, 4),
(2113161, 1017, 6, 4, 6, 5),
(2113162, 1018, 2, 7, 7, 5),
(2113163, 1019, 6, 6, 5, 7),
(2113164, 1020, 5, 1, 6, 2),
(2113165, 1021, 6, 1, 2, 1),
(2113166, 1022, 2, 2, 3, 4),
(2113167, 1023, 3, 3, 4, 3),
(2113168, 1024, 6, 4, 5, 3),
(2113169, 1025, 2, 2, 6, 2),
(2113170, 1026, 7, 1, 2, 1),
(2113171, 1027, 7, 2, 5, 1),
(2113172, 1028, 5, 2, 3, 1),
(2113173, 1029, 3, 3, 4, 3),
(2113174, 1030, 2, 2, 3, 4),
(2113175, 1031, 2, 1, 2, 3),
(2113176, 1032, 3, 2, 1, 1),
(2113177, 1033, 5, 2, 1, 1),
(2113178, 1034, 3, 3, 1, 2),
(2113179, 1035, 6, 3, 1, 4),
(2113180, 1036, 6, 1, 2, 4),
(2113181, 1037, 4, 5, 2, 1),
(2113182, 1038, 2, 5, 1, 1),
(2113183, 1039, 1, 1, 4, 1),
(2113184, 1040, 3, 4, 3, 1),
(2113185, 1041, 1, 1, 1, 1),
(2113186, 1042, 1, 1, 2, 2),
(2113187, 1043, 3, 2, 4, 2),
(2113188, 1044, 5, 3, 4, 2),
(2113189, 1045, 5, 2, 3, 3),
(2113190, 1046, 4, 6, 7, 2),
(2113191, 1047, 2, 3, 2, 3),
(2113192, 1048, 1, 3, 2, 2),
(2113193, 1049, 4, 2, 3, 2),
(2113194, 1050, 1, 2, 1, 2),
(2113195, 1051, 3, 4, 5, 2),
(2113196, 1052, 4, 4, 2, 5),
(2113197, 1053, 6, 3, 4, 2),
(2113198, 1054, 3, 3, 2, 3),
(2113199, 1055, 2, 6, 5, 4),
(2113200, 1056, 6, 1, 2, 1),
(2113201, 1057, 6, 4, 2, 3),
(2113202, 1058, 2, 7, 7, 5),
(2113203, 1059, 4, 4, 2, 5),
(2113204, 1060, 6, 3, 4, 2),
(2113205, 1061, 3, 3, 2, 3),
(2113206, 1062, 2, 6, 5, 4),
(2113207, 1063, 6, 3, 4, 2),
(2113208, 1064, 3, 3, 2, 3),
(2113209, 1065, 2, 6, 5, 4),
(2113210, 1066, 6, 1, 2, 1),
(2113211, 1067, 2, 7, 7, 5),
(2113212, 1068, 4, 6, 7, 2),
(2113213, 1069, 4, 4, 2, 5),
(2113214, 1070, 6, 3, 4, 2),
(2113215, 1071, 6, 3, 4, 2),
(2113216, 1072, 3, 3, 2, 3),
(2113217, 1073, 2, 6, 5, 4),
(2113218, 1074, 4, 4, 2, 5),
(2113219, 1075, 6, 3, 4, 2),
(2113220, 1076, 6, 4, 5, 3),
(2113221, 1077, 2, 2, 3, 4),
(2113222, 1078, 3, 3, 4, 3),
(2113223, 1079, 6, 4, 2, 3),
(2113224, 1080, 2, 2, 6, 2),
(2113225, 1081, 4, 6, 7, 2),
(2113226, 1082, 6, 4, 2, 3),
(2113227, 1083, 6, 2, 3, 1),
(2113228, 1084, 2, 6, 5, 4),
(2113229, 1085, 4, 4, 2, 5),
(2113230, 1086, 6, 4, 5, 3),
(2113231, 1087, 6, 3, 1, 4),
(2113232, 1088, 4, 6, 7, 2),
(2113233, 1089, 6, 4, 2, 3),
(2113234, 1090, 7, 6, 7, 5),
(2113235, 1091, 4, 6, 7, 2),
(2113236, 1092, 6, 4, 2, 3),
(2113237, 1093, 6, 2, 3, 1),
(2113238, 1094, 7, 6, 7, 5),
(2113239, 1095, 7, 7, 6, 2),
(2113240, 1096, 6, 4, 5, 3),
(2113241, 1097, 6, 3, 1, 4),
(2113242, 1098, 4, 6, 7, 2),
(2113243, 1099, 6, 4, 2, 3),
(2113244, 1100, 4, 6, 7, 2);

-- --------------------------------------------------------

--
-- Table structure for table `Patients`
--

CREATE TABLE `Patients` (
  `patient_id` int(11) NOT NULL,
  `age` int(11) NOT NULL,
  `gender` tinyint(1) NOT NULL
) ENGINE=InnoDB DEFAULT CHARSET=utf8mb4 COLLATE=utf8mb4_general_ci;

--
-- Dumping data for table `Patients`
--

INSERT INTO `Patients` (`patient_id`, `age`, `gender`) VALUES
(101, 33, 1),
(102, 17, 1),
(103, 35, 1),
(104, 37, 1),
(105, 46, 1),
(106, 35, 1),
(107, 52, 0),
(108, 28, 0),
(109, 35, 0),
(110, 46, 1),
(111, 44, 1),
(112, 64, 0),
(113, 39, 0),
(114, 34, 1),
(115, 27, 0),
(116, 73, 1),
(117, 17, 1),
(118, 34, 1),
(119, 36, 1),
(120, 14, 1),
(121, 24, 1),
(122, 53, 0),
(123, 62, 1),
(124, 29, 0),
(125, 36, 1),
(126, 65, 1),
(127, 38, 0),
(128, 19, 1),
(129, 33, 1),
(130, 28, 0),
(131, 35, 0),
(132, 42, 1),
(133, 32, 0),
(134, 33, 1),
(135, 25, 0),
(136, 14, 1),
(137, 27, 0),
(138, 28, 1),
(139, 32, 1),
(140, 45, 0),
(141, 27, 0),
(142, 26, 0),
(143, 48, 1),
(144, 17, 0),
(145, 22, 1),
(146, 42, 1),
(147, 24, 1),
(148, 35, 1),
(149, 24, 0),
(150, 38, 0),
(151, 18, 0),
(152, 23, 0),
(153, 24, 0),
(154, 35, 0),
(155, 38, 0),
(156, 47, 0),
(157, 52, 0),
(158, 53, 0),
(159, 44, 0),
(160, 38, 0),
(161, 62, 0),
(162, 61, 0),
(163, 55, 1),
(164, 45, 0),
(165, 38, 1),
(166, 44, 1),
(167, 45, 0),
(168, 33, 0),
(169, 62, 1),
(170, 32, 0),
(171, 44, 1),
(172, 62, 1),
(173, 38, 0),
(174, 33, 1),
(175, 22, 1),
(176, 35, 1),
(177, 23, 1),
(178, 48, 1),
(179, 46, 0),
(180, 29, 0),
(181, 52, 0),
(182, 52, 1),
(183, 48, 0),
(184, 36, 0),
(185, 31, 0),
(186, 38, 0),
(187, 35, 1),
(188, 44, 1),
(189, 33, 1),
(190, 45, 1),
(191, 65, 1),
(192, 53, 1),
(193, 35, 0),
(194, 46, 0),
(195, 27, 1),
(196, 26, 1),
(197, 37, 1),
(198, 28, 1),
(199, 19, 1),
(200, 29, 0),
(201, 39, 0),
(202, 38, 0),
(203, 49, 1),
(204, 37, 1),
(205, 26, 0),
(206, 37, 0),
(207, 33, 1),
(208, 44, 1),
(209, 37, 0),
(210, 25, 0),
(211, 18, 0),
(212, 47, 1),
(213, 25, 0),
(214, 19, 1),
(215, 26, 0),
(216, 37, 1),
(217, 35, 0),
(218, 33, 1),
(219, 25, 0),
(220, 35, 0),
(221, 27, 0),
(222, 48, 1),
(223, 64, 1),
(224, 39, 1),
(225, 33, 1),
(226, 27, 0),
(227, 73, 1),
(228, 17, 1),
(229, 34, 1),
(230, 36, 1),
(231, 14, 1),
(232, 24, 1),
(233, 53, 0),
(234, 62, 1),
(235, 29, 0),
(236, 28, 0),
(237, 65, 1),
(238, 38, 0),
(239, 19, 1),
(240, 33, 1),
(241, 28, 0),
(242, 35, 0),
(243, 42, 1),
(244, 32, 0),
(245, 33, 1),
(246, 25, 0),
(247, 35, 0),
(248, 27, 0),
(249, 28, 1),
(250, 32, 1),
(251, 45, 0),
(252, 27, 1),
(253, 26, 1),
(254, 48, 1),
(255, 17, 0),
(256, 22, 0),
(257, 42, 1),
(258, 42, 1),
(259, 35, 1),
(260, 24, 0),
(261, 38, 0),
(262, 18, 0),
(263, 23, 0),
(264, 24, 0),
(265, 35, 0),
(266, 38, 0),
(267, 47, 0),
(268, 52, 1),
(269, 32, 0),
(270, 44, 1),
(271, 38, 1),
(272, 62, 1),
(273, 61, 1),
(274, 55, 1),
(275, 45, 0),
(276, 38, 0),
(277, 44, 1),
(278, 45, 1),
(279, 33, 1),
(280, 33, 1),
(281, 32, 1),
(282, 44, 1),
(283, 62, 1),
(284, 38, 0),
(285, 33, 1),
(286, 22, 1),
(287, 35, 1),
(288, 23, 1),
(289, 48, 0),
(290, 46, 0),
(291, 25, 0),
(292, 52, 0),
(293, 52, 1),
(294, 48, 0),
(295, 36, 0),
(296, 31, 0),
(297, 38, 0),
(298, 35, 1),
(299, 44, 1),
(300, 33, 1),
(301, 45, 1),
(302, 27, 0),
(303, 53, 1),
(304, 35, 0),
(305, 46, 1),
(306, 27, 1),
(307, 26, 1),
(308, 37, 1),
(309, 28, 1),
(310, 19, 1),
(311, 29, 0),
(312, 39, 0),
(313, 28, 1),
(314, 49, 1),
(315, 37, 1),
(316, 26, 0),
(317, 37, 0),
(318, 33, 1),
(319, 44, 1),
(320, 37, 0),
(321, 25, 0),
(322, 18, 0),
(323, 47, 1),
(324, 35, 1),
(325, 32, 1),
(326, 26, 0),
(327, 37, 1),
(328, 35, 1),
(329, 33, 1),
(330, 25, 0),
(331, 35, 1),
(332, 27, 1),
(333, 48, 1),
(334, 64, 1),
(335, 39, 1),
(336, 45, 0),
(337, 27, 0),
(338, 73, 1),
(339, 17, 1),
(340, 34, 1),
(341, 36, 1),
(342, 14, 1),
(343, 24, 1),
(344, 53, 0),
(345, 62, 1),
(346, 29, 0),
(347, 27, 1),
(348, 65, 1),
(349, 38, 0),
(350, 19, 1),
(351, 33, 1),
(352, 28, 0),
(353, 35, 0),
(354, 42, 1),
(355, 32, 0),
(356, 33, 1),
(357, 25, 0),
(358, 26, 1),
(359, 27, 0),
(360, 28, 1),
(361, 32, 1),
(362, 45, 0),
(363, 27, 1),
(364, 26, 1),
(365, 48, 1),
(366, 17, 0),
(367, 22, 0),
(368, 42, 1),
(369, 48, 1),
(370, 35, 1),
(371, 24, 0),
(372, 38, 0),
(373, 18, 0),
(374, 23, 0),
(375, 24, 0),
(376, 35, 0),
(377, 38, 0),
(378, 47, 0),
(379, 52, 1),
(380, 17, 0),
(381, 44, 1),
(382, 38, 1),
(383, 62, 1),
(384, 61, 1),
(385, 55, 1),
(386, 45, 0),
(387, 38, 0),
(388, 44, 1),
(389, 45, 1),
(390, 33, 1),
(391, 22, 0),
(392, 32, 1),
(393, 44, 1),
(394, 62, 1),
(395, 38, 0),
(396, 33, 1),
(397, 22, 1),
(398, 35, 1),
(399, 23, 1),
(400, 48, 0),
(401, 46, 0),
(402, 42, 1),
(403, 52, 0),
(404, 52, 1),
(405, 48, 0),
(406, 36, 0),
(407, 31, 0),
(408, 38, 0),
(409, 35, 1),
(410, 44, 1),
(411, 33, 1),
(412, 45, 1),
(413, 35, 1),
(414, 53, 1),
(415, 35, 0),
(416, 46, 1),
(417, 27, 1),
(418, 26, 1),
(419, 37, 1),
(420, 28, 1),
(421, 19, 1),
(422, 29, 0),
(423, 39, 0),
(424, 24, 0),
(425, 49, 1),
(426, 37, 1),
(427, 26, 0),
(428, 37, 0),
(429, 33, 1),
(430, 44, 1),
(431, 37, 0),
(432, 25, 0),
(433, 18, 0),
(434, 47, 1),
(435, 27, 1),
(436, 38, 0),
(437, 26, 0),
(438, 37, 1),
(439, 35, 1),
(440, 33, 1),
(441, 25, 0),
(442, 35, 1),
(443, 27, 1),
(444, 48, 1),
(445, 64, 1),
(446, 39, 1),
(447, 18, 0),
(448, 27, 0),
(449, 73, 1),
(450, 17, 1),
(451, 34, 1),
(452, 36, 1),
(453, 14, 1),
(454, 24, 1),
(455, 53, 0),
(456, 62, 1),
(457, 29, 0),
(458, 23, 0),
(459, 65, 1),
(460, 38, 0),
(461, 19, 1),
(462, 33, 1),
(463, 28, 0),
(464, 35, 0),
(465, 42, 1),
(466, 32, 0),
(467, 33, 1),
(468, 25, 0),
(469, 24, 0),
(470, 27, 0),
(471, 28, 1),
(472, 32, 1),
(473, 45, 1),
(474, 27, 1),
(475, 26, 1),
(476, 48, 1),
(477, 17, 0),
(478, 22, 0),
(479, 42, 1),
(480, 35, 0),
(481, 35, 1),
(482, 24, 0),
(483, 25, 0),
(484, 38, 0),
(485, 43, 0),
(486, 44, 0),
(487, 55, 0),
(488, 38, 0),
(489, 47, 0),
(490, 52, 1),
(491, 38, 0),
(492, 44, 1),
(493, 38, 1),
(494, 62, 1),
(495, 61, 1),
(496, 55, 1),
(497, 45, 0),
(498, 38, 0),
(499, 44, 1),
(500, 45, 1),
(501, 33, 1),
(502, 47, 0),
(503, 32, 0),
(504, 44, 1),
(505, 62, 1),
(506, 48, 0),
(507, 33, 1),
(508, 32, 1),
(509, 35, 1),
(510, 23, 1),
(511, 48, 0),
(512, 46, 0),
(513, 52, 1),
(514, 52, 0),
(515, 52, 1),
(516, 48, 0),
(517, 46, 0),
(518, 51, 0),
(519, 38, 1),
(520, 45, 1),
(521, 54, 1),
(522, 33, 1),
(523, 45, 1),
(524, 44, 1),
(525, 63, 1),
(526, 45, 1),
(527, 46, 1),
(528, 37, 1),
(529, 36, 1),
(530, 37, 1),
(531, 28, 1),
(532, 19, 1),
(533, 39, 1),
(534, 39, 1),
(535, 38, 1),
(536, 49, 1),
(537, 37, 1),
(538, 36, 1),
(539, 37, 1),
(540, 33, 1),
(541, 44, 1),
(542, 37, 1),
(543, 25, 1),
(544, 28, 1),
(545, 47, 1),
(546, 48, 1),
(547, 62, 1),
(548, 26, 0),
(549, 37, 1),
(550, 35, 1),
(551, 33, 1),
(552, 25, 0),
(553, 35, 0),
(554, 27, 0),
(555, 48, 0),
(556, 64, 1),
(557, 39, 1),
(558, 61, 1),
(559, 27, 0),
(560, 73, 1),
(561, 17, 1),
(562, 34, 1),
(563, 36, 1),
(564, 24, 1),
(565, 24, 1),
(566, 53, 1),
(567, 62, 1),
(568, 29, 1),
(569, 55, 1),
(570, 65, 1),
(571, 38, 1),
(572, 19, 1),
(573, 33, 1),
(574, 28, 1),
(575, 35, 1),
(576, 42, 1),
(577, 32, 0),
(578, 33, 1),
(579, 25, 0),
(580, 45, 0),
(581, 27, 0),
(582, 28, 1),
(583, 32, 1),
(584, 45, 0),
(585, 27, 1),
(586, 26, 1),
(587, 48, 1),
(588, 17, 0),
(589, 22, 0),
(590, 42, 1),
(591, 38, 0),
(592, 35, 1),
(593, 24, 0),
(594, 38, 0),
(595, 18, 0),
(596, 23, 0),
(597, 24, 1),
(598, 35, 1),
(599, 38, 0),
(600, 47, 0),
(601, 52, 1),
(602, 44, 1),
(603, 44, 1),
(604, 38, 1),
(605, 62, 1),
(606, 61, 1),
(607, 55, 1),
(608, 45, 0),
(609, 38, 0),
(610, 44, 1),
(611, 45, 1),
(612, 33, 1),
(613, 45, 1),
(614, 32, 1),
(615, 44, 1),
(616, 62, 1),
(617, 38, 0),
(618, 33, 1),
(619, 22, 1),
(620, 35, 1),
(621, 23, 1),
(622, 48, 0),
(623, 46, 0),
(624, 33, 1),
(625, 52, 0),
(626, 52, 1),
(627, 48, 0),
(628, 36, 0),
(629, 31, 0),
(630, 38, 0),
(631, 35, 1),
(632, 44, 1),
(633, 33, 1),
(634, 45, 1),
(635, 32, 1),
(636, 53, 1),
(637, 35, 0),
(638, 46, 1),
(639, 27, 1),
(640, 26, 1),
(641, 37, 1),
(642, 28, 1),
(643, 19, 1),
(644, 29, 0),
(645, 39, 0),
(646, 44, 1),
(647, 49, 1),
(648, 37, 1),
(649, 26, 0),
(650, 37, 0),
(651, 33, 1),
(652, 44, 1),
(653, 37, 0),
(654, 25, 0),
(655, 18, 0),
(656, 47, 1),
(657, 64, 1),
(658, 62, 1),
(659, 26, 0),
(660, 37, 1),
(661, 35, 1),
(662, 33, 1),
(663, 25, 0),
(664, 35, 1),
(665, 27, 1),
(666, 48, 1),
(667, 64, 1),
(668, 39, 1),
(669, 38, 0),
(670, 27, 0),
(671, 73, 1),
(672, 17, 1),
(673, 34, 1),
(674, 36, 1),
(675, 14, 1),
(676, 24, 1),
(677, 53, 0),
(678, 62, 1),
(679, 29, 0),
(680, 33, 1),
(681, 65, 1),
(682, 38, 0),
(683, 19, 1),
(684, 33, 1),
(685, 28, 0),
(686, 35, 0),
(687, 42, 1),
(688, 32, 0),
(689, 33, 1),
(690, 25, 0),
(691, 22, 1),
(692, 27, 0),
(693, 28, 1),
(694, 32, 1),
(695, 45, 0),
(696, 27, 1),
(697, 26, 1),
(698, 48, 1),
(699, 17, 0),
(700, 22, 0),
(701, 42, 1),
(702, 35, 1),
(703, 35, 1),
(704, 24, 0),
(705, 38, 0),
(706, 18, 0),
(707, 23, 0),
(708, 24, 0),
(709, 35, 0),
(710, 38, 0),
(711, 47, 0),
(712, 52, 1),
(713, 23, 1),
(714, 44, 1),
(715, 38, 1),
(716, 62, 1),
(717, 61, 1),
(718, 55, 1),
(719, 45, 0),
(720, 38, 0),
(721, 44, 1),
(722, 45, 1),
(723, 33, 1),
(724, 48, 0),
(725, 32, 1),
(726, 44, 1),
(727, 62, 1),
(728, 38, 0),
(729, 33, 1),
(730, 22, 1),
(731, 35, 1),
(732, 23, 1),
(733, 48, 0),
(734, 46, 0),
(735, 46, 0),
(736, 52, 0),
(737, 52, 1),
(738, 48, 0),
(739, 36, 0),
(740, 31, 0),
(741, 38, 0),
(742, 35, 1),
(743, 44, 1),
(744, 33, 1),
(745, 45, 1),
(746, 52, 0),
(747, 53, 1),
(748, 35, 0),
(749, 46, 1),
(750, 27, 1),
(751, 26, 1),
(752, 37, 1),
(753, 28, 1),
(754, 19, 1),
(755, 29, 0),
(756, 39, 0),
(757, 52, 1),
(758, 49, 1),
(759, 37, 1),
(760, 26, 0),
(761, 37, 0),
(762, 33, 1),
(763, 44, 1),
(764, 37, 0),
(765, 25, 0),
(766, 18, 0),
(767, 47, 1),
(768, 39, 1),
(769, 48, 0),
(770, 26, 0),
(771, 37, 1),
(772, 35, 1),
(773, 33, 1),
(774, 25, 0),
(775, 35, 1),
(776, 27, 1),
(777, 48, 1),
(778, 64, 1),
(779, 39, 1),
(780, 36, 0),
(781, 27, 0),
(782, 73, 1),
(783, 17, 1),
(784, 34, 1),
(785, 36, 1),
(786, 14, 1),
(787, 24, 1),
(788, 53, 0),
(789, 62, 1),
(790, 29, 0),
(791, 31, 0),
(792, 65, 1),
(793, 38, 0),
(794, 19, 1),
(795, 33, 1),
(796, 28, 0),
(797, 35, 0),
(798, 42, 1),
(799, 32, 0),
(800, 33, 1),
(801, 25, 0),
(802, 38, 0),
(803, 27, 0),
(804, 28, 1),
(805, 32, 1),
(806, 45, 0),
(807, 27, 1),
(808, 26, 1),
(809, 48, 1),
(810, 17, 0),
(811, 22, 0),
(812, 42, 1),
(813, 35, 1),
(814, 35, 1),
(815, 24, 0),
(816, 38, 0),
(817, 18, 0),
(818, 23, 0),
(819, 24, 0),
(820, 35, 0),
(821, 38, 0),
(822, 47, 0),
(823, 52, 1),
(824, 44, 1),
(825, 44, 1),
(826, 38, 1),
(827, 62, 1),
(828, 61, 1),
(829, 55, 1),
(830, 45, 0),
(831, 38, 0),
(832, 44, 1),
(833, 45, 1),
(834, 33, 1),
(835, 33, 1),
(836, 32, 1),
(837, 44, 1),
(838, 62, 1),
(839, 38, 0),
(840, 33, 1),
(841, 22, 1),
(842, 35, 1),
(843, 23, 1),
(844, 48, 0),
(845, 46, 0),
(846, 45, 1),
(847, 52, 0),
(848, 52, 1),
(849, 48, 0),
(850, 36, 0),
(851, 31, 0),
(852, 38, 0),
(853, 35, 1),
(854, 44, 1),
(855, 33, 1),
(856, 45, 1),
(857, 53, 1),
(858, 53, 1),
(859, 35, 0),
(860, 46, 1),
(861, 27, 1),
(862, 26, 1),
(863, 37, 1),
(864, 28, 1),
(865, 19, 1),
(866, 29, 0),
(867, 39, 0),
(868, 35, 0),
(869, 49, 1),
(870, 37, 1),
(871, 26, 0),
(872, 37, 0),
(873, 33, 1),
(874, 44, 1),
(875, 37, 0),
(876, 25, 0),
(877, 18, 0),
(878, 47, 1),
(879, 27, 0),
(880, 46, 1),
(881, 26, 0),
(882, 37, 1),
(883, 35, 1),
(884, 33, 1),
(885, 25, 0),
(886, 35, 1),
(887, 27, 1),
(888, 48, 1),
(889, 64, 1),
(890, 39, 1),
(891, 27, 1),
(892, 27, 0),
(893, 73, 1),
(894, 17, 1),
(895, 34, 1),
(896, 36, 1),
(897, 14, 1),
(898, 24, 1),
(899, 53, 0),
(900, 62, 1),
(901, 29, 0),
(902, 26, 1),
(903, 65, 1),
(904, 38, 0),
(905, 19, 1),
(906, 33, 1),
(907, 28, 0),
(908, 35, 0),
(909, 42, 1),
(910, 32, 0),
(911, 33, 1),
(912, 25, 0),
(913, 37, 1),
(914, 27, 0),
(915, 28, 1),
(916, 32, 1),
(917, 45, 0),
(918, 27, 1),
(919, 26, 1),
(920, 48, 1),
(921, 17, 0),
(922, 22, 0),
(923, 42, 1),
(924, 28, 1),
(925, 35, 1),
(926, 24, 0),
(927, 38, 0),
(928, 18, 0),
(929, 23, 0),
(930, 24, 0),
(931, 35, 0),
(932, 38, 0),
(933, 47, 0),
(934, 52, 1),
(935, 19, 1),
(936, 44, 1),
(937, 38, 1),
(938, 62, 1),
(939, 61, 1),
(940, 55, 1),
(941, 45, 0),
(942, 38, 0),
(943, 44, 1),
(944, 45, 1),
(945, 33, 1),
(946, 29, 0),
(947, 32, 1),
(948, 44, 1),
(949, 62, 1),
(950, 38, 0),
(951, 33, 1),
(952, 22, 1),
(953, 35, 1),
(954, 23, 1),
(955, 48, 0),
(956, 46, 0),
(957, 39, 0),
(958, 52, 0),
(959, 52, 1),
(960, 48, 0),
(961, 36, 0),
(962, 31, 0),
(963, 38, 0),
(964, 35, 1),
(965, 44, 1),
(966, 33, 1),
(967, 45, 1),
(968, 49, 1),
(969, 53, 1),
(970, 35, 0),
(971, 46, 1),
(972, 27, 1),
(973, 26, 1),
(974, 37, 1),
(975, 28, 1),
(976, 19, 1),
(977, 29, 0),
(978, 39, 0),
(979, 37, 1),
(980, 49, 1),
(981, 37, 1),
(982, 26, 0),
(983, 37, 0),
(984, 33, 1),
(985, 44, 1),
(986, 37, 0),
(987, 25, 0),
(988, 18, 0),
(989, 47, 1),
(990, 73, 1),
(991, 26, 0),
(992, 26, 0),
(993, 37, 1),
(994, 35, 0),
(995, 33, 1),
(996, 25, 0),
(997, 35, 1),
(998, 27, 1),
(999, 48, 1),
(1000, 64, 1),
(1001, 39, 1),
(1002, 37, 0),
(1003, 27, 0),
(1004, 73, 1),
(1005, 17, 1),
(1006, 34, 1),
(1007, 36, 1),
(1008, 14, 1),
(1009, 24, 1),
(1010, 53, 0),
(1011, 62, 1),
(1012, 29, 0),
(1013, 33, 1),
(1014, 65, 1),
(1015, 38, 0),
(1016, 19, 1),
(1017, 33, 1),
(1018, 28, 0),
(1019, 35, 0),
(1020, 42, 1),
(1021, 32, 0),
(1022, 33, 1),
(1023, 25, 0),
(1024, 44, 1),
(1025, 27, 0),
(1026, 28, 1),
(1027, 32, 1),
(1028, 45, 0),
(1029, 27, 1),
(1030, 26, 1),
(1031, 48, 1),
(1032, 17, 0),
(1033, 22, 0),
(1034, 42, 1),
(1035, 37, 0),
(1036, 35, 1),
(1037, 24, 0),
(1038, 38, 0),
(1039, 18, 0),
(1040, 23, 0),
(1041, 24, 0),
(1042, 35, 0),
(1043, 38, 0),
(1044, 47, 0),
(1045, 52, 1),
(1046, 25, 0),
(1047, 44, 1),
(1048, 38, 1),
(1049, 62, 1),
(1050, 61, 1),
(1051, 55, 1),
(1052, 45, 0),
(1053, 38, 0),
(1054, 44, 1),
(1055, 45, 1),
(1056, 33, 1),
(1057, 18, 0),
(1058, 32, 1),
(1059, 44, 1),
(1060, 62, 1),
(1061, 38, 0),
(1062, 33, 1),
(1063, 22, 1),
(1064, 35, 1),
(1065, 23, 1),
(1066, 48, 0),
(1067, 46, 0),
(1068, 47, 1),
(1069, 52, 0),
(1070, 52, 1),
(1071, 48, 0),
(1072, 36, 0),
(1073, 31, 0),
(1074, 38, 0),
(1075, 35, 1),
(1076, 44, 1),
(1077, 33, 1),
(1078, 45, 1),
(1079, 26, 0),
(1080, 53, 1),
(1081, 35, 0),
(1082, 46, 1),
(1083, 27, 1),
(1084, 26, 1),
(1085, 37, 1),
(1086, 28, 1),
(1087, 19, 1),
(1088, 29, 0),
(1089, 39, 0),
(1090, 37, 1),
(1091, 49, 1),
(1092, 37, 1),
(1093, 26, 0),
(1094, 37, 0),
(1095, 33, 1),
(1096, 44, 1),
(1097, 37, 0),
(1098, 25, 0),
(1099, 18, 0),
(1100, 47, 1);

-- --------------------------------------------------------

--
-- Table structure for table `Symptoms`
--

CREATE TABLE `Symptoms` (
  `symptom_id` int(11) NOT NULL,
  `patient_id` int(11) DEFAULT NULL,
  `chest_pain` tinyint(4) DEFAULT NULL CHECK (`chest_pain` between 1 and 9),
  `coughing_of_blood` tinyint(4) DEFAULT NULL CHECK (`coughing_of_blood` between 1 and 9),
  `fatigue` tinyint(4) DEFAULT NULL CHECK (`fatigue` between 1 and 9),
  `weight_loss` tinyint(4) DEFAULT NULL CHECK (`weight_loss` between 1 and 8),
  `shortness_of_breath` tinyint(4) DEFAULT NULL CHECK (`shortness_of_breath` between 1 and 9),
  `wheezing` tinyint(4) DEFAULT NULL CHECK (`wheezing` between 1 and 8),
  `swallowing_difficulty` tinyint(4) DEFAULT NULL CHECK (`swallowing_difficulty` between 1 and 8),
  `clubbing_of_finger_nails` tinyint(4) DEFAULT NULL CHECK (`clubbing_of_finger_nails` between 1 and 9)
) ENGINE=InnoDB DEFAULT CHARSET=utf8mb4 COLLATE=utf8mb4_general_ci;

--
-- Dumping data for table `Symptoms`
--

INSERT INTO `Symptoms` (`symptom_id`, `patient_id`, `chest_pain`, `coughing_of_blood`, `fatigue`, `weight_loss`, `shortness_of_breath`, `wheezing`, `swallowing_difficulty`, `clubbing_of_finger_nails`) VALUES
(10091, 101, 2, 4, 3, 4, 2, 2, 3, 1),
(10092, 102, 2, 3, 1, 3, 7, 8, 6, 2),
(10093, 103, 4, 8, 8, 7, 9, 2, 1, 4),
(10094, 104, 7, 8, 4, 2, 3, 1, 4, 5),
(10095, 105, 7, 9, 3, 2, 4, 1, 4, 2),
(10096, 106, 4, 8, 8, 7, 9, 2, 1, 4),
(10097, 107, 2, 4, 3, 4, 2, 2, 3, 1),
(10098, 108, 3, 1, 3, 2, 2, 4, 2, 2),
(10099, 109, 6, 5, 1, 4, 3, 2, 4, 6),
(10100, 110, 4, 4, 1, 2, 4, 6, 5, 4),
(10101, 111, 7, 7, 5, 3, 2, 7, 8, 2),
(10102, 112, 7, 7, 9, 6, 5, 7, 2, 4),
(10103, 113, 6, 6, 5, 3, 2, 4, 3, 1),
(10104, 114, 7, 8, 4, 2, 3, 1, 4, 5),
(10105, 115, 4, 2, 2, 2, 3, 4, 1, 5),
(10106, 116, 5, 5, 4, 3, 6, 2, 1, 2),
(10107, 117, 2, 3, 1, 3, 7, 8, 6, 2),
(10108, 118, 7, 8, 4, 2, 3, 1, 4, 5),
(10109, 119, 7, 7, 8, 5, 7, 6, 7, 8),
(10110, 120, 6, 5, 5, 3, 2, 1, 4, 7),
(10111, 121, 9, 6, 5, 2, 5, 2, 3, 2),
(10112, 122, 4, 8, 8, 7, 9, 2, 1, 4),
(10113, 123, 7, 9, 3, 2, 4, 1, 4, 2),
(10114, 124, 7, 7, 2, 7, 6, 7, 6, 7),
(10115, 125, 7, 7, 8, 5, 7, 6, 7, 8),
(10116, 126, 4, 3, 2, 7, 6, 5, 1, 9),
(10117, 127, 2, 4, 6, 7, 2, 5, 8, 1),
(10118, 128, 3, 3, 4, 5, 6, 5, 5, 4),
(10119, 129, 7, 7, 4, 4, 5, 6, 5, 5),
(10120, 130, 2, 2, 3, 3, 7, 7, 4, 8),
(10121, 131, 7, 6, 5, 5, 4, 6, 5, 4),
(10122, 132, 2, 3, 8, 7, 7, 3, 8, 9),
(10123, 133, 8, 7, 3, 2, 6, 4, 2, 3),
(10124, 134, 2, 4, 3, 4, 2, 2, 3, 1),
(10125, 135, 3, 1, 3, 2, 2, 4, 2, 2),
(10126, 136, 6, 5, 5, 3, 2, 1, 4, 7),
(10127, 137, 4, 2, 2, 2, 3, 4, 1, 5),
(10128, 138, 7, 8, 2, 3, 6, 4, 2, 3),
(10129, 139, 7, 4, 2, 1, 3, 2, 2, 1),
(10130, 140, 7, 2, 3, 8, 7, 3, 8, 3),
(10131, 141, 3, 1, 3, 2, 2, 4, 2, 2),
(10132, 142, 4, 3, 1, 2, 3, 4, 5, 1),
(10133, 143, 1, 4, 2, 6, 1, 2, 4, 2),
(10134, 144, 1, 2, 1, 3, 3, 2, 1, 3),
(10135, 145, 1, 2, 3, 2, 1, 3, 2, 4),
(10136, 146, 6, 2, 1, 1, 1, 2, 1, 2),
(10137, 147, 9, 6, 5, 2, 5, 2, 3, 2),
(10138, 148, 3, 4, 4, 2, 2, 2, 3, 2),
(10139, 149, 1, 1, 1, 1, 1, 2, 3, 4),
(10140, 150, 1, 1, 1, 2, 3, 2, 5, 1),
(10141, 151, 2, 2, 2, 2, 1, 3, 4, 4),
(10142, 152, 2, 4, 1, 3, 4, 2, 4, 2),
(10143, 153, 3, 6, 2, 1, 2, 3, 4, 2),
(10144, 154, 2, 1, 3, 4, 5, 1, 3, 2),
(10145, 155, 1, 3, 1, 1, 1, 1, 1, 3),
(10146, 156, 2, 5, 3, 2, 1, 2, 3, 1),
(10147, 157, 1, 1, 1, 1, 1, 3, 2, 3),
(10148, 158, 4, 8, 8, 7, 9, 2, 1, 4),
(10149, 159, 2, 2, 2, 2, 3, 2, 1, 2),
(10150, 160, 2, 4, 2, 1, 3, 4, 6, 1),
(10151, 161, 3, 2, 4, 3, 2, 1, 2, 4),
(10152, 162, 1, 5, 2, 1, 3, 2, 1, 3),
(10153, 163, 4, 3, 2, 5, 2, 1, 2, 3),
(10154, 164, 3, 4, 4, 1, 2, 4, 6, 5),
(10155, 165, 4, 3, 2, 7, 6, 5, 1, 9),
(10156, 166, 2, 4, 6, 7, 2, 5, 8, 1),
(10157, 167, 3, 3, 4, 5, 6, 5, 5, 4),
(10158, 168, 8, 7, 3, 2, 6, 4, 2, 3),
(10159, 169, 7, 9, 3, 2, 4, 1, 4, 2),
(10160, 170, 2, 2, 3, 3, 7, 7, 4, 8),
(10161, 171, 3, 4, 4, 1, 2, 4, 6, 5),
(10162, 172, 4, 3, 2, 7, 6, 5, 1, 9),
(10163, 173, 2, 4, 6, 7, 2, 5, 8, 1),
(10164, 174, 3, 3, 4, 5, 6, 5, 5, 4),
(10165, 175, 4, 3, 2, 7, 6, 5, 1, 9),
(10166, 176, 2, 4, 6, 7, 2, 5, 8, 1),
(10167, 177, 3, 3, 4, 5, 6, 5, 5, 4),
(10168, 178, 8, 7, 3, 2, 6, 4, 2, 3),
(10169, 179, 2, 2, 3, 3, 7, 7, 4, 8),
(10170, 180, 7, 7, 2, 7, 6, 7, 6, 7),
(10171, 181, 3, 4, 4, 1, 2, 4, 6, 5),
(10172, 182, 4, 3, 2, 7, 6, 5, 1, 9),
(10173, 183, 4, 3, 2, 7, 6, 5, 1, 9),
(10174, 184, 2, 4, 6, 7, 2, 5, 8, 1),
(10175, 185, 3, 3, 4, 5, 6, 5, 5, 4),
(10176, 186, 3, 4, 4, 1, 2, 4, 6, 5),
(10177, 187, 4, 3, 2, 7, 6, 5, 1, 9),
(10178, 188, 7, 7, 5, 3, 2, 7, 8, 2),
(10179, 189, 7, 7, 9, 6, 5, 7, 2, 4),
(10180, 190, 7, 7, 4, 4, 5, 6, 5, 5),
(10181, 191, 4, 3, 2, 7, 6, 5, 1, 9),
(10182, 192, 9, 6, 5, 2, 5, 2, 3, 2),
(10183, 193, 4, 8, 8, 7, 9, 2, 1, 4),
(10184, 194, 7, 9, 3, 2, 4, 1, 4, 2),
(10185, 195, 7, 7, 2, 7, 6, 7, 6, 7),
(10186, 196, 7, 8, 4, 2, 3, 1, 4, 5),
(10187, 197, 7, 7, 8, 5, 7, 6, 7, 8),
(10188, 198, 7, 7, 5, 3, 2, 7, 8, 2),
(10189, 199, 7, 7, 9, 6, 5, 7, 2, 4),
(10190, 200, 4, 8, 8, 7, 9, 2, 1, 4),
(10191, 201, 7, 9, 3, 2, 4, 1, 4, 2),
(10192, 202, 2, 4, 6, 7, 2, 5, 8, 1),
(10193, 203, 4, 8, 8, 7, 9, 2, 1, 4),
(10194, 204, 7, 9, 3, 2, 4, 1, 4, 2),
(10195, 205, 7, 7, 2, 7, 6, 7, 6, 7),
(10196, 206, 7, 8, 4, 2, 3, 1, 4, 5),
(10197, 207, 7, 7, 8, 5, 7, 6, 7, 8),
(10198, 208, 7, 7, 5, 3, 2, 7, 8, 2),
(10199, 209, 7, 7, 9, 6, 5, 7, 2, 4),
(10200, 210, 4, 8, 8, 7, 9, 2, 1, 4),
(10201, 211, 7, 9, 3, 2, 4, 1, 4, 2),
(10202, 212, 4, 8, 8, 7, 9, 2, 1, 4),
(10203, 213, 3, 1, 3, 2, 2, 4, 2, 2),
(10204, 214, 3, 3, 4, 5, 6, 5, 5, 4),
(10205, 215, 7, 9, 3, 2, 4, 1, 4, 2),
(10206, 216, 7, 8, 4, 2, 3, 1, 4, 5),
(10207, 217, 4, 8, 8, 7, 9, 2, 1, 4),
(10208, 218, 2, 4, 3, 4, 2, 2, 3, 1),
(10209, 219, 3, 1, 3, 2, 2, 4, 2, 2),
(10210, 220, 6, 5, 1, 4, 3, 2, 4, 6),
(10211, 221, 4, 4, 1, 2, 4, 6, 5, 4),
(10212, 222, 7, 7, 5, 3, 2, 7, 8, 2),
(10213, 223, 7, 7, 9, 6, 5, 7, 2, 4),
(10214, 224, 6, 6, 5, 3, 2, 4, 3, 1),
(10215, 225, 7, 7, 4, 4, 5, 6, 5, 5),
(10216, 226, 4, 2, 2, 2, 3, 4, 1, 5),
(10217, 227, 5, 5, 4, 3, 6, 2, 1, 2),
(10218, 228, 2, 3, 1, 3, 7, 8, 6, 2),
(10219, 229, 7, 8, 4, 2, 3, 1, 4, 5),
(10220, 230, 7, 7, 8, 5, 7, 6, 7, 8),
(10221, 231, 6, 5, 5, 3, 2, 1, 4, 7),
(10222, 232, 9, 6, 5, 2, 5, 2, 3, 2),
(10223, 233, 4, 8, 8, 7, 9, 2, 1, 4),
(10224, 234, 7, 9, 3, 2, 4, 1, 4, 2),
(10225, 235, 7, 7, 2, 7, 6, 7, 6, 7),
(10226, 236, 2, 2, 3, 3, 7, 7, 4, 8),
(10227, 237, 4, 3, 2, 7, 6, 5, 1, 9),
(10228, 238, 2, 4, 6, 7, 2, 5, 8, 1),
(10229, 239, 3, 3, 4, 5, 6, 5, 5, 4),
(10230, 240, 7, 7, 4, 4, 5, 6, 5, 5),
(10231, 241, 2, 2, 3, 3, 7, 7, 4, 8),
(10232, 242, 7, 6, 5, 5, 4, 6, 5, 4),
(10233, 243, 2, 3, 8, 7, 7, 3, 8, 9),
(10234, 244, 8, 7, 3, 2, 6, 4, 2, 3),
(10235, 245, 2, 4, 3, 4, 2, 2, 3, 1),
(10236, 246, 3, 1, 3, 2, 2, 4, 2, 2),
(10237, 247, 7, 6, 5, 5, 4, 6, 5, 4),
(10238, 248, 4, 2, 2, 2, 3, 4, 1, 5),
(10239, 249, 7, 8, 2, 3, 6, 4, 2, 3),
(10240, 250, 7, 4, 2, 1, 3, 2, 2, 1),
(10241, 251, 7, 2, 3, 8, 7, 3, 8, 3),
(10242, 252, 3, 1, 3, 2, 2, 4, 2, 2),
(10243, 253, 4, 3, 1, 2, 3, 4, 5, 1),
(10244, 254, 1, 4, 2, 6, 1, 2, 4, 2),
(10245, 255, 1, 2, 1, 3, 3, 2, 1, 3),
(10246, 256, 1, 2, 3, 2, 1, 3, 2, 4),
(10247, 257, 6, 2, 1, 1, 1, 2, 1, 2),
(10248, 258, 2, 3, 8, 7, 7, 3, 8, 9),
(10249, 259, 3, 4, 4, 2, 2, 2, 3, 2),
(10250, 260, 1, 1, 1, 1, 1, 2, 3, 4),
(10251, 261, 1, 1, 1, 2, 3, 2, 5, 1),
(10252, 262, 2, 2, 2, 2, 1, 3, 4, 4),
(10253, 263, 2, 4, 1, 3, 4, 2, 4, 2),
(10254, 264, 3, 6, 2, 1, 2, 3, 4, 2),
(10255, 265, 2, 1, 3, 4, 5, 1, 3, 2),
(10256, 266, 1, 3, 1, 1, 1, 1, 1, 3),
(10257, 267, 2, 5, 3, 2, 1, 2, 3, 1),
(10258, 268, 1, 1, 1, 1, 1, 3, 2, 3),
(10259, 269, 8, 7, 3, 2, 6, 4, 2, 3),
(10260, 270, 2, 2, 2, 2, 3, 2, 1, 2),
(10261, 271, 2, 4, 2, 1, 3, 4, 6, 1),
(10262, 272, 3, 2, 4, 3, 2, 1, 2, 4),
(10263, 273, 1, 5, 2, 1, 3, 2, 1, 3),
(10264, 274, 4, 3, 2, 5, 2, 1, 2, 3),
(10265, 275, 3, 4, 4, 1, 2, 4, 6, 5),
(10266, 276, 4, 3, 2, 7, 6, 5, 1, 9),
(10267, 277, 2, 4, 6, 7, 2, 5, 8, 1),
(10268, 278, 3, 3, 4, 5, 6, 5, 5, 4),
(10269, 279, 8, 7, 3, 2, 6, 4, 2, 3),
(10270, 280, 2, 4, 3, 4, 2, 2, 3, 1),
(10271, 281, 2, 2, 3, 3, 7, 7, 4, 8),
(10272, 282, 3, 4, 4, 1, 2, 4, 6, 5),
(10273, 283, 4, 3, 2, 7, 6, 5, 1, 9),
(10274, 284, 2, 4, 6, 7, 2, 5, 8, 1),
(10275, 285, 3, 3, 4, 5, 6, 5, 5, 4),
(10276, 286, 4, 3, 2, 7, 6, 5, 1, 9),
(10277, 287, 2, 4, 6, 7, 2, 5, 8, 1),
(10278, 288, 3, 3, 4, 5, 6, 5, 5, 4),
(10279, 289, 8, 7, 3, 2, 6, 4, 2, 3),
(10280, 290, 2, 2, 3, 3, 7, 7, 4, 8),
(10281, 291, 3, 1, 3, 2, 2, 4, 2, 2),
(10282, 292, 3, 4, 4, 1, 2, 4, 6, 5),
(10283, 293, 4, 3, 2, 7, 6, 5, 1, 9),
(10284, 294, 4, 3, 2, 7, 6, 5, 1, 9),
(10285, 295, 2, 4, 6, 7, 2, 5, 8, 1),
(10286, 296, 3, 3, 4, 5, 6, 5, 5, 4),
(10287, 297, 3, 4, 4, 1, 2, 4, 6, 5),
(10288, 298, 4, 3, 2, 7, 6, 5, 1, 9),
(10289, 299, 7, 7, 5, 3, 2, 7, 8, 2),
(10290, 300, 7, 7, 9, 6, 5, 7, 2, 4),
(10291, 301, 7, 7, 4, 4, 5, 6, 5, 5),
(10292, 302, 4, 2, 2, 2, 3, 4, 1, 5),
(10293, 303, 9, 6, 5, 2, 5, 2, 3, 2),
(10294, 304, 4, 8, 8, 7, 9, 2, 1, 4),
(10295, 305, 7, 9, 3, 2, 4, 1, 4, 2),
(10296, 306, 7, 7, 2, 7, 6, 7, 6, 7),
(10297, 307, 7, 8, 4, 2, 3, 1, 4, 5),
(10298, 308, 7, 7, 8, 5, 7, 6, 7, 8),
(10299, 309, 7, 7, 5, 3, 2, 7, 8, 2),
(10300, 310, 7, 7, 9, 6, 5, 7, 2, 4),
(10301, 311, 4, 8, 8, 7, 9, 2, 1, 4),
(10302, 312, 7, 9, 3, 2, 4, 1, 4, 2),
(10303, 313, 7, 8, 2, 3, 6, 4, 2, 3),
(10304, 314, 4, 8, 8, 7, 9, 2, 1, 4),
(10305, 315, 7, 9, 3, 2, 4, 1, 4, 2),
(10306, 316, 7, 7, 2, 7, 6, 7, 6, 7),
(10307, 317, 7, 8, 4, 2, 3, 1, 4, 5),
(10308, 318, 7, 7, 8, 5, 7, 6, 7, 8),
(10309, 319, 7, 7, 5, 3, 2, 7, 8, 2),
(10310, 320, 7, 7, 9, 6, 5, 7, 2, 4),
(10311, 321, 4, 8, 8, 7, 9, 2, 1, 4),
(10312, 322, 7, 9, 3, 2, 4, 1, 4, 2),
(10313, 323, 4, 8, 8, 7, 9, 2, 1, 4),
(10314, 324, 6, 5, 1, 4, 3, 2, 4, 6),
(10315, 325, 7, 4, 2, 1, 3, 2, 2, 1),
(10316, 326, 7, 9, 3, 2, 4, 1, 4, 2),
(10317, 327, 7, 8, 4, 2, 3, 1, 4, 5),
(10318, 328, 4, 8, 8, 7, 9, 2, 1, 4),
(10319, 329, 2, 4, 3, 4, 2, 2, 3, 1),
(10320, 330, 3, 1, 3, 2, 2, 4, 2, 2),
(10321, 331, 6, 5, 1, 4, 3, 2, 4, 6),
(10322, 332, 4, 4, 1, 2, 4, 6, 5, 4),
(10323, 333, 7, 7, 5, 3, 2, 7, 8, 2),
(10324, 334, 7, 7, 9, 6, 5, 7, 2, 4),
(10325, 335, 6, 6, 5, 3, 2, 4, 3, 1),
(10326, 336, 7, 2, 3, 8, 7, 3, 8, 3),
(10327, 337, 4, 2, 2, 2, 3, 4, 1, 5),
(10328, 338, 5, 5, 4, 3, 6, 2, 1, 2),
(10329, 339, 2, 3, 1, 3, 7, 8, 6, 2),
(10330, 340, 7, 8, 4, 2, 3, 1, 4, 5),
(10331, 341, 7, 7, 8, 5, 7, 6, 7, 8),
(10332, 342, 6, 5, 5, 3, 2, 1, 4, 7),
(10333, 343, 9, 6, 5, 2, 5, 2, 3, 2),
(10334, 344, 4, 8, 8, 7, 9, 2, 1, 4),
(10335, 345, 7, 9, 3, 2, 4, 1, 4, 2),
(10336, 346, 7, 7, 2, 7, 6, 7, 6, 7),
(10337, 347, 3, 1, 3, 2, 2, 4, 2, 2),
(10338, 348, 4, 3, 2, 7, 6, 5, 1, 9),
(10339, 349, 2, 4, 6, 7, 2, 5, 8, 1),
(10340, 350, 3, 3, 4, 5, 6, 5, 5, 4),
(10341, 351, 7, 7, 4, 4, 5, 6, 5, 5),
(10342, 352, 2, 2, 3, 3, 7, 7, 4, 8),
(10343, 353, 7, 6, 5, 5, 4, 6, 5, 4),
(10344, 354, 2, 3, 8, 7, 7, 3, 8, 9),
(10345, 355, 8, 7, 3, 2, 6, 4, 2, 3),
(10346, 356, 2, 4, 3, 4, 2, 2, 3, 1),
(10347, 357, 3, 1, 3, 2, 2, 4, 2, 2),
(10348, 358, 4, 3, 1, 2, 3, 4, 5, 1),
(10349, 359, 4, 2, 2, 2, 3, 4, 1, 5),
(10350, 360, 7, 8, 2, 3, 6, 4, 2, 3),
(10351, 361, 7, 4, 2, 1, 3, 2, 2, 1),
(10352, 362, 7, 2, 3, 8, 7, 3, 8, 3),
(10353, 363, 3, 1, 3, 2, 2, 4, 2, 2),
(10354, 364, 4, 3, 1, 2, 3, 4, 5, 1),
(10355, 365, 1, 4, 2, 6, 1, 2, 4, 2),
(10356, 366, 1, 2, 1, 3, 3, 2, 1, 3),
(10357, 367, 1, 2, 3, 2, 1, 3, 2, 4),
(10358, 368, 6, 2, 1, 1, 1, 2, 1, 2),
(10359, 369, 1, 4, 2, 6, 1, 2, 4, 2),
(10360, 370, 3, 4, 4, 2, 2, 2, 3, 2),
(10361, 371, 1, 1, 1, 1, 1, 2, 3, 4),
(10362, 372, 1, 1, 1, 2, 3, 2, 5, 1),
(10363, 373, 2, 2, 2, 2, 1, 3, 4, 4),
(10364, 374, 2, 4, 1, 3, 4, 2, 4, 2),
(10365, 375, 3, 6, 2, 1, 2, 3, 4, 2),
(10366, 376, 2, 1, 3, 4, 5, 1, 3, 2),
(10367, 377, 1, 3, 1, 1, 1, 1, 1, 3),
(10368, 378, 2, 5, 3, 2, 1, 2, 3, 1),
(10369, 379, 1, 1, 1, 1, 1, 3, 2, 3),
(10370, 380, 1, 2, 1, 3, 3, 2, 1, 3),
(10371, 381, 2, 2, 2, 2, 3, 2, 1, 2),
(10372, 382, 2, 4, 2, 1, 3, 4, 6, 1),
(10373, 383, 3, 2, 4, 3, 2, 1, 2, 4),
(10374, 384, 1, 5, 2, 1, 3, 2, 1, 3),
(10375, 385, 4, 3, 2, 5, 2, 1, 2, 3),
(10376, 386, 3, 4, 4, 1, 2, 4, 6, 5),
(10377, 387, 4, 3, 2, 7, 6, 5, 1, 9),
(10378, 388, 2, 4, 6, 7, 2, 5, 8, 1),
(10379, 389, 3, 3, 4, 5, 6, 5, 5, 4),
(10380, 390, 8, 7, 3, 2, 6, 4, 2, 3),
(10381, 391, 1, 2, 3, 2, 1, 3, 2, 4),
(10382, 392, 2, 2, 3, 3, 7, 7, 4, 8),
(10383, 393, 3, 4, 4, 1, 2, 4, 6, 5),
(10384, 394, 4, 3, 2, 7, 6, 5, 1, 9),
(10385, 395, 2, 4, 6, 7, 2, 5, 8, 1),
(10386, 396, 3, 3, 4, 5, 6, 5, 5, 4),
(10387, 397, 4, 3, 2, 7, 6, 5, 1, 9),
(10388, 398, 2, 4, 6, 7, 2, 5, 8, 1),
(10389, 399, 3, 3, 4, 5, 6, 5, 5, 4),
(10390, 400, 8, 7, 3, 2, 6, 4, 2, 3),
(10391, 401, 2, 2, 3, 3, 7, 7, 4, 8),
(10392, 402, 6, 2, 1, 1, 1, 2, 1, 2),
(10393, 403, 3, 4, 4, 1, 2, 4, 6, 5),
(10394, 404, 4, 3, 2, 7, 6, 5, 1, 9),
(10395, 405, 4, 3, 2, 7, 6, 5, 1, 9),
(10396, 406, 2, 4, 6, 7, 2, 5, 8, 1),
(10397, 407, 3, 3, 4, 5, 6, 5, 5, 4),
(10398, 408, 3, 4, 4, 1, 2, 4, 6, 5),
(10399, 409, 4, 3, 2, 7, 6, 5, 1, 9),
(10400, 410, 7, 7, 5, 3, 2, 7, 8, 2),
(10401, 411, 7, 7, 9, 6, 5, 7, 2, 4),
(10402, 412, 7, 7, 4, 4, 5, 6, 5, 5),
(10403, 413, 3, 4, 4, 2, 2, 2, 3, 2),
(10404, 414, 9, 6, 5, 2, 5, 2, 3, 2),
(10405, 415, 4, 8, 8, 7, 9, 2, 1, 4),
(10406, 416, 7, 9, 3, 2, 4, 1, 4, 2),
(10407, 417, 7, 7, 2, 7, 6, 7, 6, 7),
(10408, 418, 7, 8, 4, 2, 3, 1, 4, 5),
(10409, 419, 7, 7, 8, 5, 7, 6, 7, 8),
(10410, 420, 7, 7, 5, 3, 2, 7, 8, 2),
(10411, 421, 7, 7, 9, 6, 5, 7, 2, 4),
(10412, 422, 4, 8, 8, 7, 9, 2, 1, 4),
(10413, 423, 7, 9, 3, 2, 4, 1, 4, 2),
(10414, 424, 1, 1, 1, 1, 1, 2, 3, 4),
(10415, 425, 4, 8, 8, 7, 9, 2, 1, 4),
(10416, 426, 7, 9, 3, 2, 4, 1, 4, 2),
(10417, 427, 7, 7, 2, 7, 6, 7, 6, 7),
(10418, 428, 7, 8, 4, 2, 3, 1, 4, 5),
(10419, 429, 7, 7, 8, 5, 7, 6, 7, 8),
(10420, 430, 7, 7, 5, 3, 2, 7, 8, 2),
(10421, 431, 7, 7, 9, 6, 5, 7, 2, 4),
(10422, 432, 4, 8, 8, 7, 9, 2, 1, 4),
(10423, 433, 7, 9, 3, 2, 4, 1, 4, 2),
(10424, 434, 4, 8, 8, 7, 9, 2, 1, 4),
(10425, 435, 4, 4, 1, 2, 4, 6, 5, 4),
(10426, 436, 1, 1, 1, 2, 3, 2, 5, 1),
(10427, 437, 7, 9, 3, 2, 4, 1, 4, 2),
(10428, 438, 7, 8, 4, 2, 3, 1, 4, 5),
(10429, 439, 4, 8, 8, 7, 9, 2, 1, 4),
(10430, 440, 2, 4, 3, 4, 2, 2, 3, 1),
(10431, 441, 3, 1, 3, 2, 2, 4, 2, 2),
(10432, 442, 6, 5, 1, 4, 3, 2, 4, 6),
(10433, 443, 4, 4, 1, 2, 4, 6, 5, 4),
(10434, 444, 7, 7, 5, 3, 2, 7, 8, 2),
(10435, 445, 7, 7, 9, 6, 5, 7, 2, 4),
(10436, 446, 6, 6, 5, 3, 2, 4, 3, 1),
(10437, 447, 2, 2, 2, 2, 1, 3, 4, 4),
(10438, 448, 4, 2, 2, 2, 3, 4, 1, 5),
(10439, 449, 5, 5, 4, 3, 6, 2, 1, 2),
(10440, 450, 2, 3, 1, 3, 7, 8, 6, 2),
(10441, 451, 7, 8, 4, 2, 3, 1, 4, 5),
(10442, 452, 7, 7, 8, 5, 7, 6, 7, 8),
(10443, 453, 6, 5, 5, 3, 2, 1, 4, 7),
(10444, 454, 9, 6, 5, 2, 5, 2, 3, 2),
(10445, 455, 4, 8, 8, 7, 9, 2, 1, 4),
(10446, 456, 7, 9, 3, 2, 4, 1, 4, 2),
(10447, 457, 7, 7, 2, 7, 6, 7, 6, 7),
(10448, 458, 2, 4, 1, 3, 4, 2, 4, 2),
(10449, 459, 4, 3, 2, 7, 6, 5, 1, 9),
(10450, 460, 2, 4, 6, 7, 2, 5, 8, 1),
(10451, 461, 3, 3, 4, 5, 6, 5, 5, 4),
(10452, 462, 7, 7, 4, 4, 5, 6, 5, 5),
(10453, 463, 2, 2, 3, 3, 7, 7, 4, 8),
(10454, 464, 7, 6, 5, 5, 4, 6, 5, 4),
(10455, 465, 2, 3, 8, 7, 7, 3, 8, 9),
(10456, 466, 8, 7, 3, 2, 6, 4, 2, 3),
(10457, 467, 2, 4, 3, 4, 2, 2, 3, 1),
(10458, 468, 3, 1, 3, 2, 2, 4, 2, 2),
(10459, 469, 3, 6, 2, 1, 2, 3, 4, 2),
(10460, 470, 4, 2, 2, 2, 3, 4, 1, 5),
(10461, 471, 7, 8, 2, 3, 6, 4, 2, 3),
(10462, 472, 7, 4, 2, 1, 3, 2, 2, 1),
(10463, 473, 7, 2, 3, 8, 7, 3, 8, 3),
(10464, 474, 3, 1, 3, 2, 2, 4, 2, 2),
(10465, 475, 4, 3, 1, 2, 3, 4, 5, 1),
(10466, 476, 1, 4, 2, 6, 1, 2, 4, 2),
(10467, 477, 1, 2, 1, 3, 3, 2, 1, 3),
(10468, 478, 1, 2, 3, 2, 1, 3, 2, 4),
(10469, 479, 6, 2, 1, 1, 1, 2, 1, 2),
(10470, 480, 2, 1, 3, 4, 5, 1, 3, 2),
(10471, 481, 3, 4, 4, 2, 2, 2, 3, 2),
(10472, 482, 1, 1, 1, 1, 1, 2, 3, 4),
(10473, 483, 1, 1, 1, 2, 3, 2, 5, 1),
(10474, 484, 2, 2, 2, 2, 1, 3, 4, 4),
(10475, 485, 2, 4, 1, 3, 4, 2, 4, 2),
(10476, 486, 3, 6, 2, 1, 2, 3, 4, 2),
(10477, 487, 2, 1, 3, 4, 5, 1, 3, 2),
(10478, 488, 1, 3, 1, 1, 1, 1, 1, 3),
(10479, 489, 2, 5, 3, 2, 1, 2, 3, 1),
(10480, 490, 1, 1, 1, 1, 1, 3, 2, 3),
(10481, 491, 1, 3, 1, 1, 1, 1, 1, 3),
(10482, 492, 2, 2, 2, 2, 3, 2, 1, 2),
(10483, 493, 2, 4, 2, 1, 3, 4, 6, 1),
(10484, 494, 3, 2, 4, 3, 2, 1, 2, 4),
(10485, 495, 1, 5, 2, 1, 3, 2, 1, 3),
(10486, 496, 4, 3, 2, 5, 2, 1, 2, 3),
(10487, 497, 3, 4, 4, 1, 2, 4, 6, 5),
(10488, 498, 4, 3, 2, 7, 6, 5, 1, 9),
(10489, 499, 2, 4, 6, 7, 2, 5, 8, 1),
(10490, 500, 3, 3, 4, 5, 6, 5, 5, 4),
(10491, 501, 8, 7, 3, 2, 6, 4, 2, 3),
(10492, 502, 2, 5, 3, 2, 1, 2, 3, 1),
(10493, 503, 2, 2, 3, 3, 7, 7, 4, 8),
(10494, 504, 3, 4, 4, 1, 2, 4, 6, 5),
(10495, 505, 4, 3, 2, 7, 6, 5, 1, 9),
(10496, 506, 2, 4, 6, 7, 2, 5, 8, 1),
(10497, 507, 3, 3, 4, 5, 6, 5, 5, 4),
(10498, 508, 4, 3, 2, 7, 6, 5, 1, 9),
(10499, 509, 2, 4, 6, 7, 2, 5, 8, 1),
(10500, 510, 3, 3, 4, 5, 6, 5, 5, 4),
(10501, 511, 8, 7, 3, 2, 6, 4, 2, 3),
(10502, 512, 2, 2, 3, 3, 7, 7, 4, 8),
(10503, 513, 1, 1, 1, 1, 1, 3, 2, 3),
(10504, 514, 3, 4, 4, 1, 2, 4, 6, 5),
(10505, 515, 4, 3, 2, 7, 6, 5, 1, 9),
(10506, 516, 4, 3, 2, 7, 6, 5, 1, 9),
(10507, 517, 2, 4, 6, 7, 2, 5, 8, 1),
(10508, 518, 3, 3, 4, 5, 6, 5, 5, 4),
(10509, 519, 3, 4, 4, 1, 2, 4, 6, 5),
(10510, 520, 4, 3, 2, 7, 6, 5, 1, 9),
(10511, 521, 7, 7, 5, 3, 2, 7, 8, 2),
(10512, 522, 7, 7, 9, 6, 5, 7, 2, 4),
(10513, 523, 7, 7, 4, 4, 5, 6, 5, 5),
(10514, 524, 2, 2, 2, 2, 3, 2, 1, 2),
(10515, 525, 9, 6, 5, 2, 5, 2, 3, 2),
(10516, 526, 4, 8, 8, 7, 9, 2, 1, 4),
(10517, 527, 7, 9, 3, 2, 4, 1, 4, 2),
(10518, 528, 7, 7, 2, 7, 6, 7, 6, 7),
(10519, 529, 7, 8, 4, 2, 3, 1, 4, 5),
(10520, 530, 7, 7, 8, 5, 7, 6, 7, 8),
(10521, 531, 7, 7, 5, 3, 2, 7, 8, 2),
(10522, 532, 7, 7, 9, 6, 5, 7, 2, 4),
(10523, 533, 4, 8, 8, 7, 9, 2, 1, 4),
(10524, 534, 7, 9, 3, 2, 4, 1, 4, 2),
(10525, 535, 2, 4, 2, 1, 3, 4, 6, 1),
(10526, 536, 4, 8, 8, 7, 9, 2, 1, 4),
(10527, 537, 7, 9, 3, 2, 4, 1, 4, 2),
(10528, 538, 7, 7, 2, 7, 6, 7, 6, 7),
(10529, 539, 7, 8, 4, 2, 3, 1, 4, 5),
(10530, 540, 7, 7, 8, 5, 7, 6, 7, 8),
(10531, 541, 7, 7, 5, 3, 2, 7, 8, 2),
(10532, 542, 7, 7, 9, 6, 5, 7, 2, 4),
(10533, 543, 4, 8, 8, 7, 9, 2, 1, 4),
(10534, 544, 7, 9, 3, 2, 4, 1, 4, 2),
(10535, 545, 4, 8, 8, 7, 9, 2, 1, 4),
(10536, 546, 7, 7, 5, 3, 2, 7, 8, 2),
(10537, 547, 3, 2, 4, 3, 2, 1, 2, 4),
(10538, 548, 7, 9, 3, 2, 4, 1, 4, 2),
(10539, 549, 7, 8, 4, 2, 3, 1, 4, 5),
(10540, 550, 4, 8, 8, 7, 9, 2, 1, 4),
(10541, 551, 2, 4, 3, 4, 2, 2, 3, 1),
(10542, 552, 3, 1, 3, 2, 2, 4, 2, 2),
(10543, 553, 6, 5, 1, 4, 3, 2, 4, 6),
(10544, 554, 4, 4, 1, 2, 4, 6, 5, 4),
(10545, 555, 7, 7, 5, 3, 2, 7, 8, 2),
(10546, 556, 7, 7, 9, 6, 5, 7, 2, 4),
(10547, 557, 6, 6, 5, 3, 2, 4, 3, 1),
(10548, 558, 1, 5, 2, 1, 3, 2, 1, 3),
(10549, 559, 4, 2, 2, 2, 3, 4, 1, 5),
(10550, 560, 5, 5, 4, 3, 6, 2, 1, 2),
(10551, 561, 2, 3, 1, 3, 7, 8, 6, 2),
(10552, 562, 7, 8, 4, 2, 3, 1, 4, 5),
(10553, 563, 7, 7, 8, 5, 7, 6, 7, 8),
(10554, 564, 6, 5, 5, 3, 2, 1, 4, 7),
(10555, 565, 9, 6, 5, 2, 5, 2, 3, 2),
(10556, 566, 4, 8, 8, 7, 9, 2, 1, 4),
(10557, 567, 7, 9, 3, 2, 4, 1, 4, 2),
(10558, 568, 7, 7, 2, 7, 6, 7, 6, 7),
(10559, 569, 4, 3, 2, 5, 2, 1, 2, 3),
(10560, 570, 4, 3, 2, 7, 6, 5, 1, 9),
(10561, 571, 2, 4, 6, 7, 2, 5, 8, 1),
(10562, 572, 3, 3, 4, 5, 6, 5, 5, 4),
(10563, 573, 7, 7, 4, 4, 5, 6, 5, 5),
(10564, 574, 2, 2, 3, 3, 7, 7, 4, 8),
(10565, 575, 7, 6, 5, 5, 4, 6, 5, 4),
(10566, 576, 2, 3, 8, 7, 7, 3, 8, 9),
(10567, 577, 8, 7, 3, 2, 6, 4, 2, 3),
(10568, 578, 2, 4, 3, 4, 2, 2, 3, 1),
(10569, 579, 3, 1, 3, 2, 2, 4, 2, 2),
(10570, 580, 3, 4, 4, 1, 2, 4, 6, 5),
(10571, 581, 4, 2, 2, 2, 3, 4, 1, 5),
(10572, 582, 7, 8, 2, 3, 6, 4, 2, 3),
(10573, 583, 7, 4, 2, 1, 3, 2, 2, 1),
(10574, 584, 7, 2, 3, 8, 7, 3, 8, 3),
(10575, 585, 3, 1, 3, 2, 2, 4, 2, 2),
(10576, 586, 4, 3, 1, 2, 3, 4, 5, 1),
(10577, 587, 1, 4, 2, 6, 1, 2, 4, 2),
(10578, 588, 1, 2, 1, 3, 3, 2, 1, 3),
(10579, 589, 1, 2, 3, 2, 1, 3, 2, 4),
(10580, 590, 6, 2, 1, 1, 1, 2, 1, 2),
(10581, 591, 4, 3, 2, 7, 6, 5, 1, 9),
(10582, 592, 3, 4, 4, 2, 2, 2, 3, 2),
(10583, 593, 1, 1, 1, 1, 1, 2, 3, 4),
(10584, 594, 1, 1, 1, 2, 3, 2, 5, 1),
(10585, 595, 2, 2, 2, 2, 1, 3, 4, 4),
(10586, 596, 2, 4, 1, 3, 4, 2, 4, 2),
(10587, 597, 3, 6, 2, 1, 2, 3, 4, 2),
(10588, 598, 2, 1, 3, 4, 5, 1, 3, 2),
(10589, 599, 1, 3, 1, 1, 1, 1, 1, 3),
(10590, 600, 2, 5, 3, 2, 1, 2, 3, 1),
(10591, 601, 1, 1, 1, 1, 1, 3, 2, 3),
(10592, 602, 2, 4, 6, 7, 2, 5, 8, 1),
(10593, 603, 2, 2, 2, 2, 3, 2, 1, 2),
(10594, 604, 2, 4, 2, 1, 3, 4, 6, 1),
(10595, 605, 3, 2, 4, 3, 2, 1, 2, 4),
(10596, 606, 1, 5, 2, 1, 3, 2, 1, 3),
(10597, 607, 4, 3, 2, 5, 2, 1, 2, 3),
(10598, 608, 3, 4, 4, 1, 2, 4, 6, 5),
(10599, 609, 4, 3, 2, 7, 6, 5, 1, 9),
(10600, 610, 2, 4, 6, 7, 2, 5, 8, 1),
(10601, 611, 3, 3, 4, 5, 6, 5, 5, 4),
(10602, 612, 8, 7, 3, 2, 6, 4, 2, 3),
(10603, 613, 3, 3, 4, 5, 6, 5, 5, 4),
(10604, 614, 2, 2, 3, 3, 7, 7, 4, 8),
(10605, 615, 3, 4, 4, 1, 2, 4, 6, 5),
(10606, 616, 4, 3, 2, 7, 6, 5, 1, 9),
(10607, 617, 2, 4, 6, 7, 2, 5, 8, 1),
(10608, 618, 3, 3, 4, 5, 6, 5, 5, 4),
(10609, 619, 4, 3, 2, 7, 6, 5, 1, 9),
(10610, 620, 2, 4, 6, 7, 2, 5, 8, 1),
(10611, 621, 3, 3, 4, 5, 6, 5, 5, 4),
(10612, 622, 8, 7, 3, 2, 6, 4, 2, 3),
(10613, 623, 2, 2, 3, 3, 7, 7, 4, 8),
(10614, 624, 8, 7, 3, 2, 6, 4, 2, 3),
(10615, 625, 3, 4, 4, 1, 2, 4, 6, 5),
(10616, 626, 4, 3, 2, 7, 6, 5, 1, 9),
(10617, 627, 4, 3, 2, 7, 6, 5, 1, 9),
(10618, 628, 2, 4, 6, 7, 2, 5, 8, 1),
(10619, 629, 3, 3, 4, 5, 6, 5, 5, 4),
(10620, 630, 3, 4, 4, 1, 2, 4, 6, 5),
(10621, 631, 4, 3, 2, 7, 6, 5, 1, 9),
(10622, 632, 7, 7, 5, 3, 2, 7, 8, 2),
(10623, 633, 7, 7, 9, 6, 5, 7, 2, 4),
(10624, 634, 7, 7, 4, 4, 5, 6, 5, 5),
(10625, 635, 2, 2, 3, 3, 7, 7, 4, 8),
(10626, 636, 9, 6, 5, 2, 5, 2, 3, 2),
(10627, 637, 4, 8, 8, 7, 9, 2, 1, 4),
(10628, 638, 7, 9, 3, 2, 4, 1, 4, 2),
(10629, 639, 7, 7, 2, 7, 6, 7, 6, 7),
(10630, 640, 7, 8, 4, 2, 3, 1, 4, 5),
(10631, 641, 7, 7, 8, 5, 7, 6, 7, 8),
(10632, 642, 7, 7, 5, 3, 2, 7, 8, 2),
(10633, 643, 7, 7, 9, 6, 5, 7, 2, 4),
(10634, 644, 4, 8, 8, 7, 9, 2, 1, 4),
(10635, 645, 7, 9, 3, 2, 4, 1, 4, 2),
(10636, 646, 3, 4, 4, 1, 2, 4, 6, 5),
(10637, 647, 4, 8, 8, 7, 9, 2, 1, 4),
(10638, 648, 7, 9, 3, 2, 4, 1, 4, 2),
(10639, 649, 7, 7, 2, 7, 6, 7, 6, 7),
(10640, 650, 7, 8, 4, 2, 3, 1, 4, 5),
(10641, 651, 7, 7, 8, 5, 7, 6, 7, 8),
(10642, 652, 7, 7, 5, 3, 2, 7, 8, 2),
(10643, 653, 7, 7, 9, 6, 5, 7, 2, 4),
(10644, 654, 4, 8, 8, 7, 9, 2, 1, 4),
(10645, 655, 7, 9, 3, 2, 4, 1, 4, 2),
(10646, 656, 4, 8, 8, 7, 9, 2, 1, 4),
(10647, 657, 7, 7, 9, 6, 5, 7, 2, 4),
(10648, 658, 4, 3, 2, 7, 6, 5, 1, 9),
(10649, 659, 7, 9, 3, 2, 4, 1, 4, 2),
(10650, 660, 7, 8, 4, 2, 3, 1, 4, 5),
(10651, 661, 4, 8, 8, 7, 9, 2, 1, 4),
(10652, 662, 2, 4, 3, 4, 2, 2, 3, 1),
(10653, 663, 3, 1, 3, 2, 2, 4, 2, 2),
(10654, 664, 6, 5, 1, 4, 3, 2, 4, 6),
(10655, 665, 4, 4, 1, 2, 4, 6, 5, 4),
(10656, 666, 7, 7, 5, 3, 2, 7, 8, 2),
(10657, 667, 7, 7, 9, 6, 5, 7, 2, 4),
(10658, 668, 6, 6, 5, 3, 2, 4, 3, 1),
(10659, 669, 2, 4, 6, 7, 2, 5, 8, 1),
(10660, 670, 4, 2, 2, 2, 3, 4, 1, 5),
(10661, 671, 5, 5, 4, 3, 6, 2, 1, 2),
(10662, 672, 2, 3, 1, 3, 7, 8, 6, 2),
(10663, 673, 7, 8, 4, 2, 3, 1, 4, 5),
(10664, 674, 7, 7, 8, 5, 7, 6, 7, 8),
(10665, 675, 6, 5, 5, 3, 2, 1, 4, 7),
(10666, 676, 9, 6, 5, 2, 5, 2, 3, 2),
(10667, 677, 4, 8, 8, 7, 9, 2, 1, 4),
(10668, 678, 7, 9, 3, 2, 4, 1, 4, 2),
(10669, 679, 7, 7, 2, 7, 6, 7, 6, 7),
(10670, 680, 3, 3, 4, 5, 6, 5, 5, 4),
(10671, 681, 4, 3, 2, 7, 6, 5, 1, 9),
(10672, 682, 2, 4, 6, 7, 2, 5, 8, 1),
(10673, 683, 3, 3, 4, 5, 6, 5, 5, 4),
(10674, 684, 7, 7, 4, 4, 5, 6, 5, 5),
(10675, 685, 2, 2, 3, 3, 7, 7, 4, 8),
(10676, 686, 7, 6, 5, 5, 4, 6, 5, 4),
(10677, 687, 2, 3, 8, 7, 7, 3, 8, 9),
(10678, 688, 8, 7, 3, 2, 6, 4, 2, 3),
(10679, 689, 2, 4, 3, 4, 2, 2, 3, 1),
(10680, 690, 3, 1, 3, 2, 2, 4, 2, 2),
(10681, 691, 4, 3, 2, 7, 6, 5, 1, 9),
(10682, 692, 4, 2, 2, 2, 3, 4, 1, 5),
(10683, 693, 7, 8, 2, 3, 6, 4, 2, 3),
(10684, 694, 7, 4, 2, 1, 3, 2, 2, 1),
(10685, 695, 7, 2, 3, 8, 7, 3, 8, 3),
(10686, 696, 3, 1, 3, 2, 2, 4, 2, 2),
(10687, 697, 4, 3, 1, 2, 3, 4, 5, 1),
(10688, 698, 1, 4, 2, 6, 1, 2, 4, 2),
(10689, 699, 1, 2, 1, 3, 3, 2, 1, 3),
(10690, 700, 1, 2, 3, 2, 1, 3, 2, 4),
(10691, 701, 6, 2, 1, 1, 1, 2, 1, 2),
(10692, 702, 2, 4, 6, 7, 2, 5, 8, 1),
(10693, 703, 3, 4, 4, 2, 2, 2, 3, 2),
(10694, 704, 1, 1, 1, 1, 1, 2, 3, 4),
(10695, 705, 1, 1, 1, 2, 3, 2, 5, 1),
(10696, 706, 2, 2, 2, 2, 1, 3, 4, 4),
(10697, 707, 2, 4, 1, 3, 4, 2, 4, 2),
(10698, 708, 3, 6, 2, 1, 2, 3, 4, 2),
(10699, 709, 2, 1, 3, 4, 5, 1, 3, 2),
(10700, 710, 1, 3, 1, 1, 1, 1, 1, 3),
(10701, 711, 2, 5, 3, 2, 1, 2, 3, 1),
(10702, 712, 1, 1, 1, 1, 1, 3, 2, 3),
(10703, 713, 3, 3, 4, 5, 6, 5, 5, 4),
(10704, 714, 2, 2, 2, 2, 3, 2, 1, 2),
(10705, 715, 2, 4, 2, 1, 3, 4, 6, 1),
(10706, 716, 3, 2, 4, 3, 2, 1, 2, 4),
(10707, 717, 1, 5, 2, 1, 3, 2, 1, 3),
(10708, 718, 4, 3, 2, 5, 2, 1, 2, 3),
(10709, 719, 3, 4, 4, 1, 2, 4, 6, 5),
(10710, 720, 4, 3, 2, 7, 6, 5, 1, 9),
(10711, 721, 2, 4, 6, 7, 2, 5, 8, 1),
(10712, 722, 3, 3, 4, 5, 6, 5, 5, 4),
(10713, 723, 8, 7, 3, 2, 6, 4, 2, 3),
(10714, 724, 8, 7, 3, 2, 6, 4, 2, 3),
(10715, 725, 2, 2, 3, 3, 7, 7, 4, 8),
(10716, 726, 3, 4, 4, 1, 2, 4, 6, 5),
(10717, 727, 4, 3, 2, 7, 6, 5, 1, 9),
(10718, 728, 2, 4, 6, 7, 2, 5, 8, 1),
(10719, 729, 3, 3, 4, 5, 6, 5, 5, 4),
(10720, 730, 4, 3, 2, 7, 6, 5, 1, 9),
(10721, 731, 2, 4, 6, 7, 2, 5, 8, 1),
(10722, 732, 3, 3, 4, 5, 6, 5, 5, 4),
(10723, 733, 8, 7, 3, 2, 6, 4, 2, 3),
(10724, 734, 2, 2, 3, 3, 7, 7, 4, 8),
(10725, 735, 2, 2, 3, 3, 7, 7, 4, 8),
(10726, 736, 3, 4, 4, 1, 2, 4, 6, 5),
(10727, 737, 4, 3, 2, 7, 6, 5, 1, 9),
(10728, 738, 4, 3, 2, 7, 6, 5, 1, 9),
(10729, 739, 2, 4, 6, 7, 2, 5, 8, 1),
(10730, 740, 3, 3, 4, 5, 6, 5, 5, 4),
(10731, 741, 3, 4, 4, 1, 2, 4, 6, 5),
(10732, 742, 4, 3, 2, 7, 6, 5, 1, 9),
(10733, 743, 7, 7, 5, 3, 2, 7, 8, 2),
(10734, 744, 7, 7, 9, 6, 5, 7, 2, 4),
(10735, 745, 7, 7, 4, 4, 5, 6, 5, 5),
(10736, 746, 3, 4, 4, 1, 2, 4, 6, 5),
(10737, 747, 9, 6, 5, 2, 5, 2, 3, 2),
(10738, 748, 4, 8, 8, 7, 9, 2, 1, 4),
(10739, 749, 7, 9, 3, 2, 4, 1, 4, 2),
(10740, 750, 7, 7, 2, 7, 6, 7, 6, 7),
(10741, 751, 7, 8, 4, 2, 3, 1, 4, 5),
(10742, 752, 7, 7, 8, 5, 7, 6, 7, 8),
(10743, 753, 7, 7, 5, 3, 2, 7, 8, 2),
(10744, 754, 7, 7, 9, 6, 5, 7, 2, 4),
(10745, 755, 4, 8, 8, 7, 9, 2, 1, 4),
(10746, 756, 7, 9, 3, 2, 4, 1, 4, 2),
(10747, 757, 4, 3, 2, 7, 6, 5, 1, 9),
(10748, 758, 4, 8, 8, 7, 9, 2, 1, 4),
(10749, 759, 7, 9, 3, 2, 4, 1, 4, 2),
(10750, 760, 7, 7, 2, 7, 6, 7, 6, 7),
(10751, 761, 7, 8, 4, 2, 3, 1, 4, 5),
(10752, 762, 7, 7, 8, 5, 7, 6, 7, 8),
(10753, 763, 7, 7, 5, 3, 2, 7, 8, 2),
(10754, 764, 7, 7, 9, 6, 5, 7, 2, 4),
(10755, 765, 4, 8, 8, 7, 9, 2, 1, 4),
(10756, 766, 7, 9, 3, 2, 4, 1, 4, 2),
(10757, 767, 4, 8, 8, 7, 9, 2, 1, 4),
(10758, 768, 6, 6, 5, 3, 2, 4, 3, 1),
(10759, 769, 4, 3, 2, 7, 6, 5, 1, 9),
(10760, 770, 7, 9, 3, 2, 4, 1, 4, 2),
(10761, 771, 7, 8, 4, 2, 3, 1, 4, 5),
(10762, 772, 4, 8, 8, 7, 9, 2, 1, 4),
(10763, 773, 2, 4, 3, 4, 2, 2, 3, 1),
(10764, 774, 3, 1, 3, 2, 2, 4, 2, 2),
(10765, 775, 6, 5, 1, 4, 3, 2, 4, 6),
(10766, 776, 4, 4, 1, 2, 4, 6, 5, 4),
(10767, 777, 7, 7, 5, 3, 2, 7, 8, 2),
(10768, 778, 7, 7, 9, 6, 5, 7, 2, 4),
(10769, 779, 6, 6, 5, 3, 2, 4, 3, 1),
(10770, 780, 2, 4, 6, 7, 2, 5, 8, 1),
(10771, 781, 4, 2, 2, 2, 3, 4, 1, 5),
(10772, 782, 5, 5, 4, 3, 6, 2, 1, 2),
(10773, 783, 2, 3, 1, 3, 7, 8, 6, 2),
(10774, 784, 7, 8, 4, 2, 3, 1, 4, 5),
(10775, 785, 7, 7, 8, 5, 7, 6, 7, 8),
(10776, 786, 6, 5, 5, 3, 2, 1, 4, 7),
(10777, 787, 9, 6, 5, 2, 5, 2, 3, 2),
(10778, 788, 4, 8, 8, 7, 9, 2, 1, 4),
(10779, 789, 7, 9, 3, 2, 4, 1, 4, 2),
(10780, 790, 7, 7, 2, 7, 6, 7, 6, 7),
(10781, 791, 3, 3, 4, 5, 6, 5, 5, 4),
(10782, 792, 4, 3, 2, 7, 6, 5, 1, 9),
(10783, 793, 2, 4, 6, 7, 2, 5, 8, 1),
(10784, 794, 3, 3, 4, 5, 6, 5, 5, 4),
(10785, 795, 7, 7, 4, 4, 5, 6, 5, 5),
(10786, 796, 2, 2, 3, 3, 7, 7, 4, 8),
(10787, 797, 7, 6, 5, 5, 4, 6, 5, 4),
(10788, 798, 2, 3, 8, 7, 7, 3, 8, 9),
(10789, 799, 8, 7, 3, 2, 6, 4, 2, 3),
(10790, 800, 2, 4, 3, 4, 2, 2, 3, 1),
(10791, 801, 3, 1, 3, 2, 2, 4, 2, 2),
(10792, 802, 3, 4, 4, 1, 2, 4, 6, 5),
(10793, 803, 4, 2, 2, 2, 3, 4, 1, 5),
(10794, 804, 7, 8, 2, 3, 6, 4, 2, 3),
(10795, 805, 7, 4, 2, 1, 3, 2, 2, 1),
(10796, 806, 7, 2, 3, 8, 7, 3, 8, 3),
(10797, 807, 3, 1, 3, 2, 2, 4, 2, 2),
(10798, 808, 4, 3, 1, 2, 3, 4, 5, 1),
(10799, 809, 1, 4, 2, 6, 1, 2, 4, 2),
(10800, 810, 1, 2, 1, 3, 3, 2, 1, 3),
(10801, 811, 1, 2, 3, 2, 1, 3, 2, 4),
(10802, 812, 6, 2, 1, 1, 1, 2, 1, 2),
(10803, 813, 4, 3, 2, 7, 6, 5, 1, 9),
(10804, 814, 3, 4, 4, 2, 2, 2, 3, 2),
(10805, 815, 1, 1, 1, 1, 1, 2, 3, 4),
(10806, 816, 1, 1, 1, 2, 3, 2, 5, 1),
(10807, 817, 2, 2, 2, 2, 1, 3, 4, 4),
(10808, 818, 2, 4, 1, 3, 4, 2, 4, 2),
(10809, 819, 3, 6, 2, 1, 2, 3, 4, 2),
(10810, 820, 2, 1, 3, 4, 5, 1, 3, 2),
(10811, 821, 1, 3, 1, 1, 1, 1, 1, 3),
(10812, 822, 2, 5, 3, 2, 1, 2, 3, 1),
(10813, 823, 1, 1, 1, 1, 1, 3, 2, 3),
(10814, 824, 7, 7, 5, 3, 2, 7, 8, 2),
(10815, 825, 2, 2, 2, 2, 3, 2, 1, 2),
(10816, 826, 2, 4, 2, 1, 3, 4, 6, 1),
(10817, 827, 3, 2, 4, 3, 2, 1, 2, 4),
(10818, 828, 1, 5, 2, 1, 3, 2, 1, 3),
(10819, 829, 4, 3, 2, 5, 2, 1, 2, 3),
(10820, 830, 3, 4, 4, 1, 2, 4, 6, 5),
(10821, 831, 4, 3, 2, 7, 6, 5, 1, 9),
(10822, 832, 2, 4, 6, 7, 2, 5, 8, 1),
(10823, 833, 3, 3, 4, 5, 6, 5, 5, 4),
(10824, 834, 8, 7, 3, 2, 6, 4, 2, 3),
(10825, 835, 7, 7, 9, 6, 5, 7, 2, 4),
(10826, 836, 2, 2, 3, 3, 7, 7, 4, 8),
(10827, 837, 3, 4, 4, 1, 2, 4, 6, 5),
(10828, 838, 4, 3, 2, 7, 6, 5, 1, 9),
(10829, 839, 2, 4, 6, 7, 2, 5, 8, 1),
(10830, 840, 3, 3, 4, 5, 6, 5, 5, 4),
(10831, 841, 4, 3, 2, 7, 6, 5, 1, 9),
(10832, 842, 2, 4, 6, 7, 2, 5, 8, 1),
(10833, 843, 3, 3, 4, 5, 6, 5, 5, 4),
(10834, 844, 8, 7, 3, 2, 6, 4, 2, 3),
(10835, 845, 2, 2, 3, 3, 7, 7, 4, 8),
(10836, 846, 7, 7, 4, 4, 5, 6, 5, 5),
(10837, 847, 3, 4, 4, 1, 2, 4, 6, 5),
(10838, 848, 4, 3, 2, 7, 6, 5, 1, 9),
(10839, 849, 4, 3, 2, 7, 6, 5, 1, 9),
(10840, 850, 2, 4, 6, 7, 2, 5, 8, 1),
(10841, 851, 3, 3, 4, 5, 6, 5, 5, 4),
(10842, 852, 3, 4, 4, 1, 2, 4, 6, 5),
(10843, 853, 4, 3, 2, 7, 6, 5, 1, 9),
(10844, 854, 7, 7, 5, 3, 2, 7, 8, 2),
(10845, 855, 7, 7, 9, 6, 5, 7, 2, 4),
(10846, 856, 7, 7, 4, 4, 5, 6, 5, 5),
(10847, 857, 9, 6, 5, 2, 5, 2, 3, 2),
(10848, 858, 9, 6, 5, 2, 5, 2, 3, 2),
(10849, 859, 4, 8, 8, 7, 9, 2, 1, 4),
(10850, 860, 7, 9, 3, 2, 4, 1, 4, 2),
(10851, 861, 7, 7, 2, 7, 6, 7, 6, 7),
(10852, 862, 7, 8, 4, 2, 3, 1, 4, 5),
(10853, 863, 7, 7, 8, 5, 7, 6, 7, 8),
(10854, 864, 7, 7, 5, 3, 2, 7, 8, 2),
(10855, 865, 7, 7, 9, 6, 5, 7, 2, 4),
(10856, 866, 4, 8, 8, 7, 9, 2, 1, 4),
(10857, 867, 7, 9, 3, 2, 4, 1, 4, 2),
(10858, 868, 4, 8, 8, 7, 9, 2, 1, 4),
(10859, 869, 4, 8, 8, 7, 9, 2, 1, 4),
(10860, 870, 7, 9, 3, 2, 4, 1, 4, 2),
(10861, 871, 7, 7, 2, 7, 6, 7, 6, 7),
(10862, 872, 7, 8, 4, 2, 3, 1, 4, 5),
(10863, 873, 7, 7, 8, 5, 7, 6, 7, 8),
(10864, 874, 7, 7, 5, 3, 2, 7, 8, 2),
(10865, 875, 7, 7, 9, 6, 5, 7, 2, 4),
(10866, 876, 4, 8, 8, 7, 9, 2, 1, 4),
(10867, 877, 7, 9, 3, 2, 4, 1, 4, 2),
(10868, 878, 4, 8, 8, 7, 9, 2, 1, 4),
(10869, 879, 4, 2, 2, 2, 3, 4, 1, 5),
(10870, 880, 7, 9, 3, 2, 4, 1, 4, 2),
(10871, 881, 7, 9, 3, 2, 4, 1, 4, 2),
(10872, 882, 7, 8, 4, 2, 3, 1, 4, 5),
(10873, 883, 4, 8, 8, 7, 9, 2, 1, 4),
(10874, 884, 2, 4, 3, 4, 2, 2, 3, 1),
(10875, 885, 3, 1, 3, 2, 2, 4, 2, 2),
(10876, 886, 6, 5, 1, 4, 3, 2, 4, 6),
(10877, 887, 4, 4, 1, 2, 4, 6, 5, 4),
(10878, 888, 7, 7, 5, 3, 2, 7, 8, 2),
(10879, 889, 7, 7, 9, 6, 5, 7, 2, 4),
(10880, 890, 6, 6, 5, 3, 2, 4, 3, 1),
(10881, 891, 7, 7, 2, 7, 6, 7, 6, 7),
(10882, 892, 4, 2, 2, 2, 3, 4, 1, 5),
(10883, 893, 5, 5, 4, 3, 6, 2, 1, 2),
(10884, 894, 2, 3, 1, 3, 7, 8, 6, 2),
(10885, 895, 7, 8, 4, 2, 3, 1, 4, 5),
(10886, 896, 7, 7, 8, 5, 7, 6, 7, 8),
(10887, 897, 6, 5, 5, 3, 2, 1, 4, 7),
(10888, 898, 9, 6, 5, 2, 5, 2, 3, 2),
(10889, 899, 4, 8, 8, 7, 9, 2, 1, 4),
(10890, 900, 7, 9, 3, 2, 4, 1, 4, 2),
(10891, 901, 7, 7, 2, 7, 6, 7, 6, 7),
(10892, 902, 7, 8, 4, 2, 3, 1, 4, 5),
(10893, 903, 4, 3, 2, 7, 6, 5, 1, 9),
(10894, 904, 2, 4, 6, 7, 2, 5, 8, 1),
(10895, 905, 3, 3, 4, 5, 6, 5, 5, 4),
(10896, 906, 7, 7, 4, 4, 5, 6, 5, 5),
(10897, 907, 2, 2, 3, 3, 7, 7, 4, 8),
(10898, 908, 7, 6, 5, 5, 4, 6, 5, 4),
(10899, 909, 2, 3, 8, 7, 7, 3, 8, 9),
(10900, 910, 8, 7, 3, 2, 6, 4, 2, 3),
(10901, 911, 2, 4, 3, 4, 2, 2, 3, 1),
(10902, 912, 3, 1, 3, 2, 2, 4, 2, 2),
(10903, 913, 7, 7, 8, 5, 7, 6, 7, 8),
(10904, 914, 4, 2, 2, 2, 3, 4, 1, 5),
(10905, 915, 7, 8, 2, 3, 6, 4, 2, 3),
(10906, 916, 7, 4, 2, 1, 3, 2, 2, 1),
(10907, 917, 7, 2, 3, 8, 7, 3, 8, 3),
(10908, 918, 3, 1, 3, 2, 2, 4, 2, 2),
(10909, 919, 4, 3, 1, 2, 3, 4, 5, 1),
(10910, 920, 1, 4, 2, 6, 1, 2, 4, 2),
(10911, 921, 1, 2, 1, 3, 3, 2, 1, 3),
(10912, 922, 1, 2, 3, 2, 1, 3, 2, 4),
(10913, 923, 6, 2, 1, 1, 1, 2, 1, 2),
(10914, 924, 7, 7, 5, 3, 2, 7, 8, 2),
(10915, 925, 3, 4, 4, 2, 2, 2, 3, 2),
(10916, 926, 1, 1, 1, 1, 1, 2, 3, 4),
(10917, 927, 1, 1, 1, 2, 3, 2, 5, 1),
(10918, 928, 2, 2, 2, 2, 1, 3, 4, 4),
(10919, 929, 2, 4, 1, 3, 4, 2, 4, 2),
(10920, 930, 3, 6, 2, 1, 2, 3, 4, 2),
(10921, 931, 2, 1, 3, 4, 5, 1, 3, 2),
(10922, 932, 1, 3, 1, 1, 1, 1, 1, 3),
(10923, 933, 2, 5, 3, 2, 1, 2, 3, 1),
(10924, 934, 1, 1, 1, 1, 1, 3, 2, 3),
(10925, 935, 7, 7, 9, 6, 5, 7, 2, 4),
(10926, 936, 2, 2, 2, 2, 3, 2, 1, 2),
(10927, 937, 2, 4, 2, 1, 3, 4, 6, 1),
(10928, 938, 3, 2, 4, 3, 2, 1, 2, 4),
(10929, 939, 1, 5, 2, 1, 3, 2, 1, 3),
(10930, 940, 4, 3, 2, 5, 2, 1, 2, 3),
(10931, 941, 3, 4, 4, 1, 2, 4, 6, 5),
(10932, 942, 4, 3, 2, 7, 6, 5, 1, 9),
(10933, 943, 2, 4, 6, 7, 2, 5, 8, 1),
(10934, 944, 3, 3, 4, 5, 6, 5, 5, 4),
(10935, 945, 8, 7, 3, 2, 6, 4, 2, 3),
(10936, 946, 4, 8, 8, 7, 9, 2, 1, 4),
(10937, 947, 2, 2, 3, 3, 7, 7, 4, 8),
(10938, 948, 3, 4, 4, 1, 2, 4, 6, 5),
(10939, 949, 4, 3, 2, 7, 6, 5, 1, 9),
(10940, 950, 2, 4, 6, 7, 2, 5, 8, 1),
(10941, 951, 3, 3, 4, 5, 6, 5, 5, 4),
(10942, 952, 4, 3, 2, 7, 6, 5, 1, 9),
(10943, 953, 2, 4, 6, 7, 2, 5, 8, 1),
(10944, 954, 3, 3, 4, 5, 6, 5, 5, 4),
(10945, 955, 8, 7, 3, 2, 6, 4, 2, 3),
(10946, 956, 2, 2, 3, 3, 7, 7, 4, 8),
(10947, 957, 7, 9, 3, 2, 4, 1, 4, 2),
(10948, 958, 3, 4, 4, 1, 2, 4, 6, 5),
(10949, 959, 4, 3, 2, 7, 6, 5, 1, 9),
(10950, 960, 4, 3, 2, 7, 6, 5, 1, 9),
(10951, 961, 2, 4, 6, 7, 2, 5, 8, 1),
(10952, 962, 3, 3, 4, 5, 6, 5, 5, 4),
(10953, 963, 3, 4, 4, 1, 2, 4, 6, 5),
(10954, 964, 4, 3, 2, 7, 6, 5, 1, 9),
(10955, 965, 7, 7, 5, 3, 2, 7, 8, 2),
(10956, 966, 7, 7, 9, 6, 5, 7, 2, 4),
(10957, 967, 7, 7, 4, 4, 5, 6, 5, 5),
(10958, 968, 4, 8, 8, 7, 9, 2, 1, 4),
(10959, 969, 9, 6, 5, 2, 5, 2, 3, 2),
(10960, 970, 4, 8, 8, 7, 9, 2, 1, 4),
(10961, 971, 7, 9, 3, 2, 4, 1, 4, 2),
(10962, 972, 7, 7, 2, 7, 6, 7, 6, 7),
(10963, 973, 7, 8, 4, 2, 3, 1, 4, 5),
(10964, 974, 7, 7, 8, 5, 7, 6, 7, 8),
(10965, 975, 7, 7, 5, 3, 2, 7, 8, 2),
(10966, 976, 7, 7, 9, 6, 5, 7, 2, 4),
(10967, 977, 4, 8, 8, 7, 9, 2, 1, 4),
(10968, 978, 7, 9, 3, 2, 4, 1, 4, 2),
(10969, 979, 7, 9, 3, 2, 4, 1, 4, 2),
(10970, 980, 4, 8, 8, 7, 9, 2, 1, 4),
(10971, 981, 7, 9, 3, 2, 4, 1, 4, 2),
(10972, 982, 7, 7, 2, 7, 6, 7, 6, 7),
(10973, 983, 7, 8, 4, 2, 3, 1, 4, 5),
(10974, 984, 7, 7, 8, 5, 7, 6, 7, 8),
(10975, 985, 7, 7, 5, 3, 2, 7, 8, 2),
(10976, 986, 7, 7, 9, 6, 5, 7, 2, 4),
(10977, 987, 4, 8, 8, 7, 9, 2, 1, 4),
(10978, 988, 7, 9, 3, 2, 4, 1, 4, 2),
(10979, 989, 4, 8, 8, 7, 9, 2, 1, 4),
(10980, 990, 5, 5, 4, 3, 6, 2, 1, 2),
(10981, 991, 7, 7, 2, 7, 6, 7, 6, 7),
(10982, 992, 7, 9, 3, 2, 4, 1, 4, 2),
(10983, 993, 7, 8, 4, 2, 3, 1, 4, 5),
(10984, 994, 4, 8, 8, 7, 9, 2, 1, 4),
(10985, 995, 2, 4, 3, 4, 2, 2, 3, 1),
(10986, 996, 3, 1, 3, 2, 2, 4, 2, 2),
(10987, 997, 6, 5, 1, 4, 3, 2, 4, 6),
(10988, 998, 4, 4, 1, 2, 4, 6, 5, 4),
(10989, 999, 7, 7, 5, 3, 2, 7, 8, 2),
(10990, 1000, 7, 7, 9, 6, 5, 7, 2, 4),
(10991, 1001, 6, 6, 5, 3, 2, 4, 3, 1),
(10992, 1002, 7, 8, 4, 2, 3, 1, 4, 5),
(10993, 1003, 4, 2, 2, 2, 3, 4, 1, 5),
(10994, 1004, 5, 5, 4, 3, 6, 2, 1, 2),
(10995, 1005, 2, 3, 1, 3, 7, 8, 6, 2),
(10996, 1006, 7, 8, 4, 2, 3, 1, 4, 5),
(10997, 1007, 7, 7, 8, 5, 7, 6, 7, 8),
(10998, 1008, 6, 5, 5, 3, 2, 1, 4, 7),
(10999, 1009, 9, 6, 5, 2, 5, 2, 3, 2),
(11000, 1010, 4, 8, 8, 7, 9, 2, 1, 4),
(11001, 1011, 7, 9, 3, 2, 4, 1, 4, 2),
(11002, 1012, 7, 7, 2, 7, 6, 7, 6, 7),
(11003, 1013, 7, 7, 8, 5, 7, 6, 7, 8),
(11004, 1014, 4, 3, 2, 7, 6, 5, 1, 9),
(11005, 1015, 2, 4, 6, 7, 2, 5, 8, 1),
(11006, 1016, 3, 3, 4, 5, 6, 5, 5, 4),
(11007, 1017, 7, 7, 4, 4, 5, 6, 5, 5),
(11008, 1018, 2, 2, 3, 3, 7, 7, 4, 8),
(11009, 1019, 7, 6, 5, 5, 4, 6, 5, 4),
(11010, 1020, 2, 3, 8, 7, 7, 3, 8, 9),
(11011, 1021, 8, 7, 3, 2, 6, 4, 2, 3),
(11012, 1022, 2, 4, 3, 4, 2, 2, 3, 1),
(11013, 1023, 3, 1, 3, 2, 2, 4, 2, 2),
(11014, 1024, 7, 7, 5, 3, 2, 7, 8, 2),
(11015, 1025, 4, 2, 2, 2, 3, 4, 1, 5),
(11016, 1026, 7, 8, 2, 3, 6, 4, 2, 3),
(11017, 1027, 7, 4, 2, 1, 3, 2, 2, 1),
(11018, 1028, 7, 2, 3, 8, 7, 3, 8, 3),
(11019, 1029, 3, 1, 3, 2, 2, 4, 2, 2),
(11020, 1030, 4, 3, 1, 2, 3, 4, 5, 1),
(11021, 1031, 1, 4, 2, 6, 1, 2, 4, 2),
(11022, 1032, 1, 2, 1, 3, 3, 2, 1, 3),
(11023, 1033, 1, 2, 3, 2, 1, 3, 2, 4),
(11024, 1034, 6, 2, 1, 1, 1, 2, 1, 2),
(11025, 1035, 7, 7, 9, 6, 5, 7, 2, 4),
(11026, 1036, 3, 4, 4, 2, 2, 2, 3, 2),
(11027, 1037, 1, 1, 1, 1, 1, 2, 3, 4),
(11028, 1038, 1, 1, 1, 2, 3, 2, 5, 1),
(11029, 1039, 2, 2, 2, 2, 1, 3, 4, 4),
(11030, 1040, 2, 4, 1, 3, 4, 2, 4, 2),
(11031, 1041, 3, 6, 2, 1, 2, 3, 4, 2),
(11032, 1042, 2, 1, 3, 4, 5, 1, 3, 2),
(11033, 1043, 1, 3, 1, 1, 1, 1, 1, 3),
(11034, 1044, 2, 5, 3, 2, 1, 2, 3, 1),
(11035, 1045, 1, 1, 1, 1, 1, 3, 2, 3),
(11036, 1046, 4, 8, 8, 7, 9, 2, 1, 4),
(11037, 1047, 2, 2, 2, 2, 3, 2, 1, 2),
(11038, 1048, 2, 4, 2, 1, 3, 4, 6, 1),
(11039, 1049, 3, 2, 4, 3, 2, 1, 2, 4),
(11040, 1050, 1, 5, 2, 1, 3, 2, 1, 3),
(11041, 1051, 4, 3, 2, 5, 2, 1, 2, 3),
(11042, 1052, 3, 4, 4, 1, 2, 4, 6, 5),
(11043, 1053, 4, 3, 2, 7, 6, 5, 1, 9),
(11044, 1054, 2, 4, 6, 7, 2, 5, 8, 1),
(11045, 1055, 3, 3, 4, 5, 6, 5, 5, 4),
(11046, 1056, 8, 7, 3, 2, 6, 4, 2, 3),
(11047, 1057, 7, 9, 3, 2, 4, 1, 4, 2),
(11048, 1058, 2, 2, 3, 3, 7, 7, 4, 8),
(11049, 1059, 3, 4, 4, 1, 2, 4, 6, 5),
(11050, 1060, 4, 3, 2, 7, 6, 5, 1, 9),
(11051, 1061, 2, 4, 6, 7, 2, 5, 8, 1),
(11052, 1062, 3, 3, 4, 5, 6, 5, 5, 4),
(11053, 1063, 4, 3, 2, 7, 6, 5, 1, 9),
(11054, 1064, 2, 4, 6, 7, 2, 5, 8, 1),
(11055, 1065, 3, 3, 4, 5, 6, 5, 5, 4),
(11056, 1066, 8, 7, 3, 2, 6, 4, 2, 3),
(11057, 1067, 2, 2, 3, 3, 7, 7, 4, 8),
(11058, 1068, 4, 8, 8, 7, 9, 2, 1, 4),
(11059, 1069, 3, 4, 4, 1, 2, 4, 6, 5),
(11060, 1070, 4, 3, 2, 7, 6, 5, 1, 9),
(11061, 1071, 4, 3, 2, 7, 6, 5, 1, 9),
(11062, 1072, 2, 4, 6, 7, 2, 5, 8, 1),
(11063, 1073, 3, 3, 4, 5, 6, 5, 5, 4),
(11064, 1074, 3, 4, 4, 1, 2, 4, 6, 5),
(11065, 1075, 4, 3, 2, 7, 6, 5, 1, 9),
(11066, 1076, 7, 7, 5, 3, 2, 7, 8, 2),
(11067, 1077, 2, 4, 3, 4, 2, 2, 3, 1),
(11068, 1078, 3, 1, 3, 2, 2, 4, 2, 2),
(11069, 1079, 7, 9, 3, 2, 4, 1, 4, 2),
(11070, 1080, 4, 2, 2, 2, 3, 4, 1, 5),
(11071, 1081, 4, 8, 8, 7, 9, 2, 1, 4),
(11072, 1082, 7, 9, 3, 2, 4, 1, 4, 2),
(11073, 1083, 7, 7, 2, 7, 6, 7, 6, 7),
(11074, 1084, 3, 3, 4, 5, 6, 5, 5, 4),
(11075, 1085, 3, 4, 4, 1, 2, 4, 6, 5),
(11076, 1086, 7, 7, 5, 3, 2, 7, 8, 2),
(11077, 1087, 7, 7, 9, 6, 5, 7, 2, 4),
(11078, 1088, 4, 8, 8, 7, 9, 2, 1, 4),
(11079, 1089, 7, 9, 3, 2, 4, 1, 4, 2),
(11080, 1090, 7, 8, 4, 2, 3, 1, 4, 5),
(11081, 1091, 4, 8, 8, 7, 9, 2, 1, 4),
(11082, 1092, 7, 9, 3, 2, 4, 1, 4, 2),
(11083, 1093, 7, 7, 2, 7, 6, 7, 6, 7),
(11084, 1094, 7, 8, 4, 2, 3, 1, 4, 5),
(11085, 1095, 7, 7, 8, 5, 7, 6, 7, 8),
(11086, 1096, 7, 7, 5, 3, 2, 7, 8, 2),
(11087, 1097, 7, 7, 9, 6, 5, 7, 2, 4),
(11088, 1098, 4, 8, 8, 7, 9, 2, 1, 4),
(11089, 1099, 7, 9, 3, 2, 4, 1, 4, 2),
(11090, 1100, 4, 8, 8, 7, 9, 2, 1, 4);

--
-- Indexes for dumped tables
--

--
-- Indexes for table `Diagnosis`
--
ALTER TABLE `Diagnosis`
  ADD PRIMARY KEY (`diagnosis_id`),
  ADD KEY `patient_id` (`patient_id`);

--
-- Indexes for table `Lifestyle_Risks`
--
ALTER TABLE `Lifestyle_Risks`
  ADD PRIMARY KEY (`risk_id`),
  ADD KEY `diagnosis_id` (`diagnosis_id`),
  ADD KEY `patient_id` (`patient_id`);

--
-- Indexes for table `MedicalHistory`
--
ALTER TABLE `MedicalHistory`
  ADD PRIMARY KEY (`history_id`),
  ADD KEY `patient_id` (`patient_id`);

--
-- Indexes for table `Patients`
--
ALTER TABLE `Patients`
  ADD PRIMARY KEY (`patient_id`);

--
-- Indexes for table `Symptoms`
--
ALTER TABLE `Symptoms`
  ADD PRIMARY KEY (`symptom_id`),
  ADD KEY `patient_id` (`patient_id`);

--
-- Constraints for dumped tables
--

--
-- Constraints for table `Diagnosis`
--
ALTER TABLE `Diagnosis`
  ADD CONSTRAINT `Diagnosis_ibfk_1` FOREIGN KEY (`patient_id`) REFERENCES `Patients` (`patient_id`);

--
-- Constraints for table `Lifestyle_Risks`
--
ALTER TABLE `Lifestyle_Risks`
  ADD CONSTRAINT `Lifestyle_Risks_ibfk_1` FOREIGN KEY (`diagnosis_id`) REFERENCES `Diagnosis` (`diagnosis_id`) ON DELETE CASCADE,
  ADD CONSTRAINT `Lifestyle_Risks_ibfk_2` FOREIGN KEY (`patient_id`) REFERENCES `Patients` (`patient_id`) ON DELETE CASCADE;

--
-- Constraints for table `MedicalHistory`
--
ALTER TABLE `MedicalHistory`
  ADD CONSTRAINT `MedicalHistory_ibfk_1` FOREIGN KEY (`patient_id`) REFERENCES `Patients` (`patient_id`);

--
-- Constraints for table `Symptoms`
--
ALTER TABLE `Symptoms`
  ADD CONSTRAINT `Symptoms_ibfk_1` FOREIGN KEY (`patient_id`) REFERENCES `Patients` (`patient_id`);
COMMIT;

/*!40101 SET CHARACTER_SET_CLIENT=@OLD_CHARACTER_SET_CLIENT */;
/*!40101 SET CHARACTER_SET_RESULTS=@OLD_CHARACTER_SET_RESULTS */;
/*!40101 SET COLLATION_CONNECTION=@OLD_COLLATION_CONNECTION */;
